student_id,name,college,course_id,course_name,credit,semester,enroll_date,score,is_elective
202103050110,朱春辉,机械学院,GE000011,体育,1.0,2026-01,2026-02-15,100,0
202203020106,吕娟,机械学院,MA201017,高等数学A,4.0,2022-01,2022-02-04,82,0
202301021014,林海燕,计算机学院,GE011024,艺术鉴赏,1.5,2026-02,2026-10-13,68,1
202407010311,常文涛,经管学院,GE000011,体育,1.0,2025-01,2025-01-20,96,0
202204030607,陶文凤,土木学院,ME113024,机器人技术,2.5,2025-02,2025-10-12,85,1
202005030125,廖海松,数学学院,GE001011,心理健康,1.0,2020-01,2019-12-01,-1,0
202508050201,王玉菊,外语学院,EM301014,微观经济学,2.5,2025-01,2025-01-10,62,0
202303020209,黎国松,机械学院,EE102025,电路分析,3.0,2024-02,2024-08-09,77,0
202502030212,朱明凤,电信学院,GE011013,大学生职业规划,1.0,2025-01,2025-03-06,66,1
202102050728,贾小明,电信学院,ME102025,工程力学,3.0,2022-02,2022-07-03,90,0
202108040817,宋永强,外语学院,GE011013,大学生职业规划,1.0,2026-01,2026-03-06,76,1
202605020505,邹志刚,数学学院,CS114014,人工智能导论,2.0,2026-01,2026-03-02,71,1
202305011017,罗学辉,数学学院,EE102025,电路分析,3.0,2024-02,2024-06-12,73,0
202004030704,崔金梅,土木学院,EM301014,微观经济学,2.5,2020-01,2020-01-11,75,0
202306030504,牛娟,物理学院,GE011013,大学生职业规划,1.0,2026-01,2026-03-04,80,1
202501050403,崔文波,计算机学院,EM301014,微观经济学,2.5,2025-01,2024-12-22,88,0
202208040515,张小华,外语学院,EE102025,电路分析,3.0,2023-02,2023-08-22,75,0
202205050905,殷海伟,数学学院,GE000011,体育,1.0,2024-01,2023-12-22,67,0
202606040911,韩志强,物理学院,EM301014,微观经济学,2.5,2026-01,2026-02-26,95,0
202002030627,颜文涛,电信学院,GE011022,创新创业基础,1.5,2022-02,2022-10-13,72,1
202105040223,常金伟,数学学院,CE102026,结构力学,3.5,2022-02,2022-07-18,73,0
202301050613,廖国明,计算机学院,CS113025,Web开发技术,2.5,2024-02,2024-10-03,44,1
202307040620,殷明菊,经管学院,GE001012,思想政治理论,2.0,2023-01,2022-12-18,95,0
202103040715,胡勇,机械学院,CS113025,Web开发技术,2.5,2021-02,2021-10-03,77,1
202103010920,韩志军,机械学院,ME102025,工程力学,3.0,2022-02,2022-08-10,92,0
202401020326,芦伟,计算机学院,MA201017,高等数学A,4.0,2024-01,2024-02-03,71,0
202304040501,金冬波,土木学院,EE102025,电路分析,3.0,2024-02,2024-07-17,62,0
202608010611,秦晓松,外语学院,GE000011,体育,1.0,2026-01,2026-01-21,62,0
202605011015,芦静,数学学院,GE011022,创新创业基础,1.5,2026-02,2026-10-06,92,1
202504030507,贾娟,土木学院,FL301015,综合英语,3.0,2025-01,2025-01-05,85,0
202403010328,石娜,机械学院,EE113024,物联网技术,2.5,2026-02,2026-10-04,69,1
202305020923,金学霞,数学学院,GE011013,大学生职业规划,1.0,2025-01,2025-03-12,81,1
202006050209,谢小华,物理学院,EM301014,微观经济学,2.5,2020-01,2019-12-14,76,0
202502040906,龚志华,电信学院,GE011024,艺术鉴赏,1.5,2026-02,2026-10-11,81,1
202307030309,田玉松,经管学院,GE011024,艺术鉴赏,1.5,2026-02,2026-10-04,78,1
202106010407,刘小波,物理学院,ME113024,机器人技术,2.5,2021-02,2021-10-11,99,1
202105040117,胡丽娟,数学学院,MA201017,高等数学A,4.0,2021-01,2021-02-28,80,0
202202030912,卢金柏,电信学院,MA212026,数学建模,2.5,2025-02,2025-10-13,89,1
202001010615,殷文菊,计算机学院,CS113025,Web开发技术,2.5,2021-02,2021-10-04,56,1
202603050312,安辉,机械学院,MA212026,数学建模,2.5,2026-02,2026-10-02,47,1
202404020123,邱建军,土木学院,EM301014,微观经济学,2.5,2024-01,2024-02-16,63,0
202402020408,吕志军,电信学院,MA201025,线性代数,3.0,2024-02,2024-08-26,91,0
202004031029,罗河兰,土木学院,EE102025,电路分析,3.0,2021-02,2021-06-12,78,0
202107030727,郭国强,经管学院,EE102025,电路分析,3.0,2022-02,2022-06-02,100,0
202408051025,郭文涛,外语学院,CS114014,人工智能导论,2.0,2026-01,2026-03-11,83,1
202405010507,贾娜,数学学院,ME102025,工程力学,3.0,2025-02,2025-07-07,67,0
202407020419,孙金涛,经管学院,GE001011,心理健康,1.0,2024-01,2024-02-23,76,0
202101050404,庞敏,计算机学院,CS102026,数据结构与算法,3.5,2022-02,2022-07-18,68,0
202604030710,曾永松,土木学院,CS102026,数据结构与算法,3.5,2026-02,2026-07-20,80,0
202407020820,任杰,经管学院,ME102025,工程力学,3.0,2025-02,2025-08-25,45,0
202601050311,韦建华,计算机学院,GE001012,思想政治理论,2.0,2026-01,2026-02-23,62,0
202302020112,罗国兰,电信学院,MA201025,线性代数,3.0,2023-02,2023-06-23,76,0
202002010903,兰娜,电信学院,CE102026,结构力学,3.5,2021-02,2021-07-02,91,0
202201010414,颜山霞,计算机学院,EE113024,物联网技术,2.5,2026-02,2026-10-02,52,1
202005030429,郭玉霞,数学学院,MA201025,线性代数,3.0,2020-02,2020-06-02,88,0
202001040601,陈玉兰,计算机学院,GE011013,大学生职业规划,1.0,2021-01,2021-03-12,70,1
202203020911,于山涛,机械学院,ME113024,机器人技术,2.5,2026-02,2026-10-07,77,1
202607050507,洪伟,经管学院,GE011022,创新创业基础,1.5,2026-02,2026-10-07,90,1
202607030510,马强,经管学院,GE001011,心理健康,1.0,2026-01,2026-01-03,57,0
202606040210,吕桂,物理学院,EM301014,微观经济学,2.5,2026-01,2025-12-23,79,0
202601030814,廖学霞,计算机学院,MA201017,高等数学A,4.0,2026-01,2026-01-26,72,0
202305040924,贺强,数学学院,ME102025,工程力学,3.0,2024-02,2024-07-04,53,0
202002040409,姜玲,电信学院,FL301015,综合英语,3.0,2020-01,2020-01-05,82,0
202605050823,范超,数学学院,MA212026,数学建模,2.5,2026-02,2026-10-06,95,1
202101020803,苏建华,计算机学院,MA201025,线性代数,3.0,2021-02,2021-06-09,61,0
202107010216,胡芳,经管学院,EM301014,微观经济学,2.5,2021-01,2021-01-07,77,0
202601010612,马志刚,计算机学院,EM301014,微观经济学,2.5,2026-01,2025-12-19,67,0
202004041007,武艳,土木学院,CS113025,Web开发技术,2.5,2020-02,2020-10-07,64,1
202208030122,白山明,外语学院,FL301015,综合英语,3.0,2022-01,2022-02-26,80,0
202306020907,吕辉,物理学院,ME113024,机器人技术,2.5,2023-02,2023-10-13,77,1
202403010401,王冬明,机械学院,EM312023,电子商务,2.0,2025-02,2025-10-06,68,1
202002050104,贾志平,电信学院,MA201017,高等数学A,4.0,2020-01,2020-01-16,84,0
202003020212,高国华,机械学院,FL301015,综合英语,3.0,2020-01,2020-01-20,76,0
202305010405,郭冬军,数学学院,GE011024,艺术鉴赏,1.5,2026-02,2026-10-13,46,1
202504030317,韩桂兰,土木学院,MA201025,线性代数,3.0,2025-02,2025-08-19,80,0
202103050923,梁河华,机械学院,CE102026,结构力学,3.5,2022-02,2022-06-16,71,0
202002050427,郑敏,电信学院,GE011022,创新创业基础,1.5,2021-02,2021-10-07,62,1
202504030318,陈志平,土木学院,GE011022,创新创业基础,1.5,2025-02,2025-10-07,84,1
202305050209,杜文华,数学学院,GE011022,创新创业基础,1.5,2026-02,2026-10-13,83,1
202003030824,廖国辉,机械学院,MA201025,线性代数,3.0,2020-02,2020-06-10,72,0
202607050825,孙晓华,经管学院,GE001012,思想政治理论,2.0,2026-01,2025-12-27,87,0
202103020508,何静,机械学院,CE102026,结构力学,3.5,2022-02,2022-06-10,87,0
202507010805,刘秋明,经管学院,MA201017,高等数学A,4.0,2025-01,2025-02-09,72,0
202307040523,江德霞,经管学院,GE011013,大学生职业规划,1.0,2024-01,2024-03-13,93,1
202002020912,苏小明,电信学院,MA212026,数学建模,2.5,2022-02,2022-10-11,51,1
202607030220,贾秀英,经管学院,MA201017,高等数学A,4.0,2026-01,2025-12-08,93,0
202007050809,贺小华,经管学院,GE011022,创新创业基础,1.5,2020-02,2020-10-03,74,1
202008010310,施玉兰,外语学院,MA212026,数学建模,2.5,2022-02,2022-10-04,87,1
202503030913,张志敏,机械学院,GE011024,艺术鉴赏,1.5,2025-02,2025-10-13,73,1
202206030208,徐静,物理学院,EM312023,电子商务,2.0,2025-02,2025-10-07,62,1
202602031008,许文凤,电信学院,EM301014,微观经济学,2.5,2026-01,2025-12-19,84,0
202206020814,季永明,物理学院,CS113025,Web开发技术,2.5,2026-02,2026-10-11,53,1
202107030607,熊娟,经管学院,CE102026,结构力学,3.5,2022-02,2022-08-22,76,0
202506010217,张志平,物理学院,GE001012,思想政治理论,2.0,2025-01,2025-01-05,67,0
202506021021,杨国伟,物理学院,EE113024,物联网技术,2.5,2025-02,2025-10-13,65,1
202006020405,温海涛,物理学院,EE102025,电路分析,3.0,2021-02,2021-07-04,68,0
202302010325,吕华,电信学院,FL301015,综合英语,3.0,2023-01,2022-12-25,72,0
202302040727,常晓波,电信学院,GE001011,心理健康,1.0,2023-01,2023-02-25,-1,0
202307030222,方云,经管学院,MA212026,数学建模,2.5,2023-02,2023-10-02,82,1
202207011030,易秀英,经管学院,EM301014,微观经济学,2.5,2022-01,2022-02-13,57,0
202502020826,石玉兰,电信学院,FL301015,综合英语,3.0,2025-01,2024-12-28,50,0
202203010428,江海波,机械学院,CS102026,数据结构与算法,3.5,2023-02,2023-08-17,48,0
202501010809,丁冬明,计算机学院,EE102025,电路分析,3.0,2026-02,2026-06-14,50,0
202004010320,龚磊,土木学院,MA201017,高等数学A,4.0,2020-01,2019-12-25,83,0
202506040804,金小辉,物理学院,GE001012,思想政治理论,2.0,2025-01,2025-01-16,63,0
202501010114,陆桂,计算机学院,GE000011,体育,1.0,2025-01,2025-02-12,50,0
202108020523,贾芳,外语学院,EE113024,物联网技术,2.5,2024-02,2024-10-04,50,1
202007050218,冯海兰,经管学院,MA201025,线性代数,3.0,2020-02,2020-08-24,84,0
202202050226,梁玉柏,电信学院,GE000011,体育,1.0,2022-01,2021-12-17,85,0
202008030420,陈志军,外语学院,EE102025,电路分析,3.0,2021-02,2021-08-03,58,0
202604030829,苏建华,土木学院,ME102025,工程力学,3.0,2026-02,2026-08-26,76,0
202203010921,贺小平,机械学院,CS114014,人工智能导论,2.0,2024-01,2024-03-02,84,1
202108010105,蒋伟,外语学院,EE113024,物联网技术,2.5,2025-02,2025-10-05,49,1
202403050319,金冬凤,机械学院,CS114014,人工智能导论,2.0,2024-01,2024-03-11,41,1
202504030203,严学明,土木学院,GE001012,思想政治理论,2.0,2025-01,2025-02-06,78,0
202505040408,沈学华,数学学院,ME102025,工程力学,3.0,2026-02,2026-07-17,95,0
202508010822,兰敏,外语学院,GE001011,心理健康,1.0,2025-01,2025-02-26,82,0
202606021030,洪志强,物理学院,GE011022,创新创业基础,1.5,2026-02,2026-10-11,44,1
202406050307,姜静,物理学院,GE011013,大学生职业规划,1.0,2026-01,2026-03-13,79,1
202001040618,吕秀珍,计算机学院,GE001012,思想政治理论,2.0,2020-01,2020-02-09,54,0
202303050625,白河军,机械学院,EM312023,电子商务,2.0,2023-02,2023-10-04,73,1
202406050118,韩云,物理学院,CS114014,人工智能导论,2.0,2025-01,2025-03-12,69,1
202106040718,王文辉,物理学院,MA212026,数学建模,2.5,2026-02,2026-10-07,49,1
202408050111,陈敏,外语学院,ME102025,工程力学,3.0,2025-02,2025-08-04,78,0
202501010818,曹天涛,计算机学院,FL301015,综合英语,3.0,2025-01,2025-01-01,78,0
202502020210,徐建华,电信学院,GE001012,思想政治理论,2.0,2025-01,2024-12-04,43,0
202606051004,安勇,物理学院,GE000011,体育,1.0,2026-01,2025-12-01,81,0
202502040729,萧勇,电信学院,EM301014,微观经济学,2.5,2025-01,2025-02-03,69,0
202505010425,苏志强,数学学院,CS113025,Web开发技术,2.5,2025-02,2025-10-02,100,1
202004020523,白晓军,土木学院,GE001012,思想政治理论,2.0,2020-01,2020-01-25,54,0
202003010423,叶丽,机械学院,MA201025,线性代数,3.0,2020-02,2020-06-07,87,0
202308010717,倪志平,外语学院,GE011022,创新创业基础,1.5,2023-02,2023-10-11,75,1
202308010212,苏芳,外语学院,ME102025,工程力学,3.0,2024-02,2024-07-13,74,0
202401050304,秦明龙,计算机学院,EE102025,电路分析,3.0,2025-02,2025-07-06,66,0
202106020201,陶河柏,物理学院,MA201025,线性代数,3.0,2021-02,2021-08-19,59,0
202402051026,牛洋,电信学院,CS113025,Web开发技术,2.5,2024-02,2024-10-01,-1,1
202605040921,易洋,数学学院,GE001012,思想政治理论,2.0,2026-01,2025-12-18,85,0
202504030901,潘志伟,土木学院,MA201025,线性代数,3.0,2025-02,2025-07-12,81,0
202007010830,季晓梅,经管学院,GE001011,心理健康,1.0,2020-01,2020-01-23,75,0
202405040519,卢玉明,数学学院,ME102025,工程力学,3.0,2025-02,2025-08-27,81,0
202601040605,陈强,计算机学院,ME113024,机器人技术,2.5,2026-02,2026-10-05,47,1
202002020529,杜秋波,电信学院,CS113025,Web开发技术,2.5,2025-02,2025-10-11,-1,1
202401010408,宋冬松,计算机学院,CS113025,Web开发技术,2.5,2026-02,2026-10-04,75,1
202108010829,江海波,外语学院,ME102025,工程力学,3.0,2022-02,2022-07-20,52,0
202404030211,余玲,土木学院,GE011024,艺术鉴赏,1.5,2026-02,2026-10-01,88,1
202204020915,庞志强,土木学院,GE001011,心理健康,1.0,2022-01,2022-01-17,74,0
202502021012,陈辉,电信学院,FL301015,综合英语,3.0,2025-01,2025-02-11,85,0
202303010115,林海燕,机械学院,CE102026,结构力学,3.5,2024-02,2024-07-09,-1,0
202106020715,易志敏,物理学院,MA201017,高等数学A,4.0,2021-01,2021-01-14,94,0
202606010925,石桂,物理学院,GE001011,心理健康,1.0,2026-01,2026-02-23,50,0
202005010109,刘德华,数学学院,GE001012,思想政治理论,2.0,2020-01,2019-12-03,85,0
202204020610,林华,土木学院,MA201025,线性代数,3.0,2022-02,2022-08-24,51,0
202608030311,兰秀兰,外语学院,CS114014,人工智能导论,2.0,2026-01,2026-03-05,52,1
202608040308,林志军,外语学院,CS113025,Web开发技术,2.5,2026-02,2026-10-02,74,1
202407050529,丁国波,经管学院,CE102026,结构力学,3.5,2025-02,2025-08-04,66,0
202608020316,张明,外语学院,GE001011,心理健康,1.0,2026-01,2026-02-10,84,0
202301010409,冯小菊,计算机学院,CS102026,数据结构与算法,3.5,2024-02,2024-07-03,72,0
202103020706,何明,机械学院,EE113024,物联网技术,2.5,2025-02,2025-10-01,55,1
202107050524,刘小伟,经管学院,GE011013,大学生职业规划,1.0,2025-01,2025-03-04,73,1
202507050214,潘玉兰,经管学院,CS102026,数据结构与算法,3.5,2026-02,2026-06-25,53,0
202008020903,陶德松,外语学院,GE011022,创新创业基础,1.5,2025-02,2025-10-07,79,1
202006050624,黄秋辉,物理学院,MA212026,数学建模,2.5,2026-02,2026-10-13,73,1
202107030924,季文柏,经管学院,ME102025,工程力学,3.0,2022-02,2022-06-16,86,0
202104030118,陶小柏,土木学院,EM312023,电子商务,2.0,2023-02,2023-10-12,77,1
202108041022,赖江波,外语学院,GE011024,艺术鉴赏,1.5,2024-02,2024-10-01,49,1
202503010111,秦春柏,机械学院,CS113025,Web开发技术,2.5,2025-02,2025-10-07,98,1
202208050430,高河军,外语学院,GE001012,思想政治理论,2.0,2022-01,2022-02-18,-1,0
202106040912,郑志刚,物理学院,ME113024,机器人技术,2.5,2023-02,2023-10-05,79,1
202401040513,夏冬涛,计算机学院,GE011013,大学生职业规划,1.0,2025-01,2025-03-12,68,1
202502041006,殷建菊,电信学院,ME102025,工程力学,3.0,2026-02,2026-06-09,65,0
202502030913,蔡建涛,电信学院,CS114014,人工智能导论,2.0,2025-01,2025-03-04,-1,1
202003050218,陶明霞,机械学院,EM301014,微观经济学,2.5,2020-01,2020-01-07,77,0
202005030802,于春伟,数学学院,ME102025,工程力学,3.0,2021-02,2021-08-27,62,0
202306010225,王河凤,物理学院,GE011013,大学生职业规划,1.0,2024-01,2024-03-11,58,1
202604031006,杨志峰,土木学院,ME113024,机器人技术,2.5,2026-02,2026-10-13,84,1
202105030321,芦平,数学学院,GE000011,体育,1.0,2023-01,2023-01-16,87,0
202301040518,姜玲,计算机学院,CS102026,数据结构与算法,3.5,2024-02,2024-07-10,76,0
202303030811,施玉兰,机械学院,CS114014,人工智能导论,2.0,2025-01,2025-03-04,73,1
202204020803,萧杰,土木学院,CS114014,人工智能导论,2.0,2025-01,2025-03-12,72,1
202305010711,黎玉涛,数学学院,GE000011,体育,1.0,2025-01,2025-01-02,68,0
202607030817,常学龙,经管学院,EE113024,物联网技术,2.5,2026-02,2026-10-02,54,1
202203010114,于晓龙,机械学院,GE011013,大学生职业规划,1.0,2026-01,2026-03-04,77,1
202301051020,李丽娟,计算机学院,GE011013,大学生职业规划,1.0,2024-01,2024-03-12,91,1
202405040520,方桂,数学学院,MA201017,高等数学A,4.0,2024-01,2024-01-13,90,0
202501050820,石小红,计算机学院,GE011022,创新创业基础,1.5,2026-02,2026-10-12,80,1
202501010213,吴玉军,计算机学院,CS113025,Web开发技术,2.5,2026-02,2026-10-02,64,1
202306010603,安桂兰,物理学院,GE011022,创新创业基础,1.5,2024-02,2024-10-06,97,1
202201050923,苏华,计算机学院,ME113024,机器人技术,2.5,2026-02,2026-10-12,66,1
202008030724,何红梅,外语学院,MA201017,高等数学A,4.0,2020-01,2020-01-17,65,0
202408051011,夏建华,外语学院,MA201017,高等数学A,4.0,2024-01,2024-01-28,68,0
202606030821,武明,物理学院,EE102025,电路分析,3.0,2026-02,2026-08-11,53,0
202302030717,倪超,电信学院,GE011022,创新创业基础,1.5,2026-02,2026-10-03,81,1
202108031010,杜永龙,外语学院,EM312023,电子商务,2.0,2021-02,2021-10-01,87,1
202204010429,施辉,土木学院,EM301014,微观经济学,2.5,2022-01,2021-12-28,81,0
202207040609,邹云,经管学院,GE001012,思想政治理论,2.0,2022-01,2022-02-05,92,0
202006030817,郭江凤,物理学院,CS113025,Web开发技术,2.5,2026-02,2026-10-01,66,1
202408010930,马丽,外语学院,CS102026,数据结构与算法,3.5,2025-02,2025-06-28,71,0
202603020905,温玉波,机械学院,MA201017,高等数学A,4.0,2026-01,2026-02-25,50,0
202006050426,唐勇,物理学院,GE000011,体育,1.0,2025-01,2025-02-09,56,0
202303020608,沈山霞,机械学院,MA201025,线性代数,3.0,2023-02,2023-06-04,70,0
202108030525,白玉凤,外语学院,MA201017,高等数学A,4.0,2021-01,2021-02-21,52,0
202004020613,任静,土木学院,CS114014,人工智能导论,2.0,2026-01,2026-03-07,75,1
202406030828,黎春凤,物理学院,EM312023,电子商务,2.0,2024-02,2024-10-03,82,1
202606040525,付天菊,物理学院,MA201025,线性代数,3.0,2026-02,2026-07-20,53,0
202505050418,韩建华,数学学院,GE001012,思想政治理论,2.0,2025-01,2024-12-17,79,0
202603030513,金志涛,机械学院,GE001012,思想政治理论,2.0,2026-01,2026-01-28,74,0
202006050825,张玉兰,物理学院,FL301015,综合英语,3.0,2020-01,2020-01-06,67,0
202303010726,施秀珍,机械学院,CS114014,人工智能导论,2.0,2025-01,2025-03-02,74,1
202005020504,张娜,数学学院,MA201017,高等数学A,4.0,2020-01,2019-12-16,80,0
202206011008,邱志军,物理学院,EM312023,电子商务,2.0,2022-02,2022-10-07,68,1
202608020303,陶建松,外语学院,CS113025,Web开发技术,2.5,2026-02,2026-10-12,45,1
202408030111,田德伟,外语学院,CE102026,结构力学,3.5,2025-02,2025-08-18,85,0
202301030625,程志辉,计算机学院,EM312023,电子商务,2.0,2024-02,2024-10-11,82,1
202001050902,高德兰,计算机学院,GE011024,艺术鉴赏,1.5,2021-02,2021-10-07,85,1
202206050414,严建霞,物理学院,EM312023,电子商务,2.0,2023-02,2023-10-06,-1,1
202201020812,殷山梅,计算机学院,GE011013,大学生职业规划,1.0,2023-01,2023-03-04,99,1
202407010422,任娟,经管学院,GE001012,思想政治理论,2.0,2024-01,2023-12-03,85,0
202006040610,孙明柏,物理学院,GE011024,艺术鉴赏,1.5,2021-02,2021-10-04,82,1
202006050223,牛玲,物理学院,GE000011,体育,1.0,2022-01,2021-12-01,72,0
202202030515,田永伟,电信学院,GE011013,大学生职业规划,1.0,2023-01,2023-03-01,84,1
202303050824,张明,机械学院,EE113024,物联网技术,2.5,2026-02,2026-10-11,72,1
202403050215,孙秋菊,机械学院,GE011013,大学生职业规划,1.0,2025-01,2025-03-13,71,1
202106050407,罗金峰,物理学院,GE011024,艺术鉴赏,1.5,2021-02,2021-10-04,100,1
202607041003,丁明强,经管学院,GE000011,体育,1.0,2026-01,2025-12-21,74,0
202408050207,丁玉梅,外语学院,MA212026,数学建模,2.5,2024-02,2024-10-01,99,1
202003040624,朱志波,机械学院,ME102025,工程力学,3.0,2021-02,2021-06-21,82,0
202505040115,钟平,数学学院,MA201017,高等数学A,4.0,2025-01,2025-02-10,72,0
202502010718,安志平,电信学院,ME102025,工程力学,3.0,2026-02,2026-06-23,82,0
202607031027,芦志平,经管学院,EM312023,电子商务,2.0,2026-02,2026-10-11,88,1
202201020408,叶洋,计算机学院,GE011013,大学生职业规划,1.0,2023-01,2023-03-13,83,1
202405010813,韦军,数学学院,GE011022,创新创业基础,1.5,2024-02,2024-10-12,75,1
202207040728,洪华,经管学院,GE011013,大学生职业规划,1.0,2026-01,2026-03-12,63,1
202508020803,郑敏,外语学院,CE102026,结构力学,3.5,2026-02,2026-07-20,71,0
202608021009,芦桂兰,外语学院,CE102026,结构力学,3.5,2026-02,2026-07-28,79,0
202106050511,黎河梅,物理学院,GE011024,艺术鉴赏,1.5,2022-02,2022-10-05,82,1
202505010302,石海燕,数学学院,MA201025,线性代数,3.0,2025-02,2025-08-17,40,0
202508040228,夏学辉,外语学院,GE001011,心理健康,1.0,2025-01,2024-12-13,43,0
202408040115,许秋伟,外语学院,MA201017,高等数学A,4.0,2024-01,2023-12-06,60,0
202108030728,季玉涛,外语学院,MA201025,线性代数,3.0,2021-02,2021-07-14,81,0
202505030405,张明,数学学院,CS102026,数据结构与算法,3.5,2026-02,2026-06-22,93,0
202302050230,夏冬华,电信学院,EE113024,物联网技术,2.5,2026-02,2026-10-13,78,1
202506010121,洪志平,物理学院,GE001011,心理健康,1.0,2025-01,2024-12-14,57,0
202002040418,宋玉柏,电信学院,ME113024,机器人技术,2.5,2025-02,2025-10-13,77,1
202607040713,胡勇,经管学院,GE011024,艺术鉴赏,1.5,2026-02,2026-10-13,82,1
202104020917,樊建柏,土木学院,EM312023,电子商务,2.0,2025-02,2025-10-06,60,1
202107020311,廖明波,经管学院,GE000011,体育,1.0,2021-01,2021-02-23,82,0
202506020327,李燕,物理学院,MA212026,数学建模,2.5,2025-02,2025-10-13,51,1
202602020215,吕燕,电信学院,ME113024,机器人技术,2.5,2026-02,2026-10-11,79,1
202601030106,倪秀英,计算机学院,CS102026,数据结构与算法,3.5,2026-02,2026-07-09,60,0
202002010814,谢志刚,电信学院,MA201017,高等数学A,4.0,2020-01,2019-12-08,64,0
202507050122,潘海燕,经管学院,EE113024,物联网技术,2.5,2025-02,2025-10-02,68,1
202105050210,罗海华,数学学院,ME113024,机器人技术,2.5,2022-02,2022-10-02,77,1
202102041005,唐小明,电信学院,FL301015,综合英语,3.0,2021-01,2021-01-03,73,0
202302020420,萧小明,电信学院,FL301015,综合英语,3.0,2023-01,2023-01-27,-1,0
202508010127,钟勇,外语学院,CS113025,Web开发技术,2.5,2026-02,2026-10-06,68,1
202208050808,翟秋松,外语学院,ME113024,机器人技术,2.5,2022-02,2022-10-01,61,1
202402040218,徐平,电信学院,GE001011,心理健康,1.0,2024-01,2024-02-06,97,0
202402020611,梁金涛,电信学院,EM301014,微观经济学,2.5,2024-01,2024-02-15,66,0
202106030217,樊明梅,物理学院,GE001011,心理健康,1.0,2021-01,2021-01-02,78,0
202301030510,谭文梅,计算机学院,GE011022,创新创业基础,1.5,2023-02,2023-10-12,58,1
202104050126,白国军,土木学院,GE001012,思想政治理论,2.0,2021-01,2020-12-20,71,0
202105040912,金文辉,数学学院,EE102025,电路分析,3.0,2022-02,2022-06-26,74,0
202204040328,倪玉兰,土木学院,GE011022,创新创业基础,1.5,2023-02,2023-10-05,89,1
202601020510,白河菊,计算机学院,CE102026,结构力学,3.5,2026-02,2026-07-11,89,0
202407010113,黎学涛,经管学院,EE113024,物联网技术,2.5,2025-02,2025-10-12,84,1
202003010128,张玲,机械学院,EM301014,微观经济学,2.5,2020-01,2020-02-11,60,0
202302010423,石敏,电信学院,EM312023,电子商务,2.0,2024-02,2024-10-11,48,1
202003050319,汪江兰,机械学院,GE011022,创新创业基础,1.5,2020-02,2020-10-06,91,1
202001020607,曾春菊,计算机学院,GE011022,创新创业基础,1.5,2020-02,2020-10-04,67,1
202306030725,宋小华,物理学院,EE113024,物联网技术,2.5,2025-02,2025-10-11,81,1
202005040910,武建华,数学学院,CS113025,Web开发技术,2.5,2020-02,2020-10-12,69,1
202204050605,石桂,土木学院,MA212026,数学建模,2.5,2026-02,2026-10-12,76,1
202006050521,秦晓柏,物理学院,GE001011,心理健康,1.0,2020-01,2020-01-26,77,0
202308050901,贺英,外语学院,EE113024,物联网技术,2.5,2024-02,2024-10-04,61,1
202207020104,马玲,经管学院,GE011024,艺术鉴赏,1.5,2025-02,2025-10-02,78,1
202301050713,陆军,计算机学院,ME102025,工程力学,3.0,2024-02,2024-08-06,75,0
202205010703,孟学柏,数学学院,ME102025,工程力学,3.0,2023-02,2023-07-19,71,0
202005020617,郭海霞,数学学院,MA201017,高等数学A,4.0,2020-01,2019-12-21,71,0
202501010122,罗河涛,计算机学院,GE011024,艺术鉴赏,1.5,2025-02,2025-10-01,70,1
202308031021,季秋涛,外语学院,GE001012,思想政治理论,2.0,2023-01,2023-01-21,78,0
202203051022,龚志刚,机械学院,GE001011,心理健康,1.0,2022-01,2021-12-02,73,0
202608031025,严国强,外语学院,GE001011,心理健康,1.0,2026-01,2026-02-02,85,0
202403040227,陆霞,机械学院,MA201017,高等数学A,4.0,2024-01,2024-01-17,69,0
202302051022,朱学凤,电信学院,GE011013,大学生职业规划,1.0,2023-01,2023-03-13,74,1
202403020914,杜春龙,机械学院,ME113024,机器人技术,2.5,2025-02,2025-10-11,88,1
202403030217,胡志强,机械学院,GE000011,体育,1.0,2026-01,2026-01-27,81,0
202505010223,安红梅,数学学院,EM301014,微观经济学,2.5,2025-01,2025-01-23,92,0
202001010829,田河松,计算机学院,ME113024,机器人技术,2.5,2021-02,2021-10-06,57,1
202501020412,尹建国,计算机学院,EE113024,物联网技术,2.5,2026-02,2026-10-11,46,1
202202030330,田志伟,电信学院,MA212026,数学建模,2.5,2024-02,2024-10-02,51,1
202306020206,于学梅,物理学院,CS102026,数据结构与算法,3.5,2024-02,2024-07-13,64,0
202403020826,倪玉兰,机械学院,CS114014,人工智能导论,2.0,2024-01,2024-03-03,61,1
202103010917,谢志刚,机械学院,GE001012,思想政治理论,2.0,2021-01,2021-02-22,61,0
202403011018,安敏,机械学院,CS102026,数据结构与算法,3.5,2025-02,2025-07-05,84,0
202005050607,颜德松,数学学院,CS114014,人工智能导论,2.0,2023-01,2023-03-11,66,1
202301030626,郑华,计算机学院,EE102025,电路分析,3.0,2024-02,2024-06-13,56,0
202608050222,龚建军,外语学院,FL301015,综合英语,3.0,2026-01,2026-01-20,100,0
202501021030,殷文明,计算机学院,GE001012,思想政治理论,2.0,2025-01,2024-12-09,70,0
202007040309,徐辉,经管学院,ME102025,工程力学,3.0,2021-02,2021-07-27,82,0
202604010426,常冬伟,土木学院,EE113024,物联网技术,2.5,2026-02,2026-10-11,74,1
202504010702,芦芳,土木学院,MA201017,高等数学A,4.0,2025-01,2025-02-14,84,0
202307040705,刘晓华,经管学院,GE000011,体育,1.0,2024-01,2023-12-08,55,0
202507041023,温冬军,经管学院,GE011024,艺术鉴赏,1.5,2026-02,2026-10-05,74,1
202506021025,吕秀珍,物理学院,GE001012,思想政治理论,2.0,2025-01,2024-12-23,76,0
202202040605,韦桂,电信学院,CS114014,人工智能导论,2.0,2024-01,2024-03-06,52,1
202403010410,马秀兰,机械学院,CS102026,数据结构与算法,3.5,2025-02,2025-06-17,71,0
202307020610,范华,经管学院,GE011024,艺术鉴赏,1.5,2024-02,2024-10-01,60,1
202408010416,季永华,外语学院,MA201025,线性代数,3.0,2024-02,2024-06-21,65,0
202504030430,丁国华,土木学院,ME113024,机器人技术,2.5,2026-02,2026-10-12,75,1
202204040113,颜学松,土木学院,CE102026,结构力学,3.5,2023-02,2023-07-01,83,0
202503020301,孙江梅,机械学院,CS113025,Web开发技术,2.5,2025-02,2025-10-13,58,1
202208020413,曹山霞,外语学院,GE011013,大学生职业规划,1.0,2026-01,2026-03-03,79,1
202105020223,钟秀珍,数学学院,ME102025,工程力学,3.0,2022-02,2022-06-01,72,0
202102040915,陶建霞,电信学院,GE011022,创新创业基础,1.5,2024-02,2024-10-13,74,1
202207040706,汪天强,经管学院,GE011013,大学生职业规划,1.0,2023-01,2023-03-03,81,1
202102050901,兰丽,电信学院,EM312023,电子商务,2.0,2022-02,2022-10-02,97,1
202008050817,于晓梅,外语学院,EM301014,微观经济学,2.5,2020-01,2020-02-03,81,0
202408011022,孟国松,外语学院,GE001011,心理健康,1.0,2024-01,2024-02-21,59,0
202104031007,陆志强,土木学院,GE001011,心理健康,1.0,2021-01,2021-02-05,61,0
202002050511,汪志辉,电信学院,ME113024,机器人技术,2.5,2022-02,2022-10-13,48,1
202406020213,董娟,物理学院,GE011013,大学生职业规划,1.0,2025-01,2025-03-03,42,1
202002040805,翟志军,电信学院,GE011013,大学生职业规划,1.0,2023-01,2023-03-13,90,1
202605020716,彭志敏,数学学院,EM312023,电子商务,2.0,2026-02,2026-10-06,52,1
202205021013,袁志波,数学学院,CS113025,Web开发技术,2.5,2026-02,2026-10-07,82,1
202003031027,萧娜,机械学院,MA201017,高等数学A,4.0,2020-01,2020-02-24,-1,0
202206020926,贺志勇,物理学院,CS114014,人工智能导论,2.0,2025-01,2025-03-03,63,1
202406041013,梁建伟,物理学院,CS102026,数据结构与算法,3.5,2025-02,2025-08-28,68,0
202306031007,叶伟,物理学院,EE113024,物联网技术,2.5,2023-02,2023-10-12,60,1
202207010622,吕小明,经管学院,EM312023,电子商务,2.0,2024-02,2024-10-12,91,1
202102050818,殷学辉,电信学院,CE102026,结构力学,3.5,2022-02,2022-08-25,80,0
202501030129,黄小波,计算机学院,GE011022,创新创业基础,1.5,2025-02,2025-10-07,89,1
202207030716,付海梅,经管学院,EE102025,电路分析,3.0,2023-02,2023-07-09,50,0
202602040221,李强,电信学院,MA212026,数学建模,2.5,2026-02,2026-10-05,96,1
202203040530,叶秀英,机械学院,GE001011,心理健康,1.0,2022-01,2022-02-20,55,0
202403050307,方娟,机械学院,FL301015,综合英语,3.0,2024-01,2024-01-18,43,0
202302040118,吕丽娟,电信学院,MA212026,数学建模,2.5,2026-02,2026-10-04,83,1
202608020119,程秋强,外语学院,GE001011,心理健康,1.0,2026-01,2026-02-04,67,0
202504010829,周海燕,土木学院,MA201025,线性代数,3.0,2025-02,2025-08-27,58,0
202607021009,范丽娟,经管学院,FL301015,综合英语,3.0,2026-01,2025-12-17,-1,0
202606021023,熊英,物理学院,ME102025,工程力学,3.0,2026-02,2026-07-28,84,0
202608030904,蒋娜,外语学院,EM312023,电子商务,2.0,2026-02,2026-10-07,96,1
202304050115,兰志强,土木学院,CS102026,数据结构与算法,3.5,2024-02,2024-08-02,77,0
202202020303,魏春辉,电信学院,GE001011,心理健康,1.0,2022-01,2022-02-02,63,0
202303040311,林磊,机械学院,GE011024,艺术鉴赏,1.5,2026-02,2026-10-02,48,1
202602011018,江国强,电信学院,EE113024,物联网技术,2.5,2026-02,2026-10-12,50,1
202507040209,孟冬凤,经管学院,ME102025,工程力学,3.0,2026-02,2026-07-07,-1,0
202508010720,赵秀兰,外语学院,GE011024,艺术鉴赏,1.5,2025-02,2025-10-07,70,1
202403030621,姜伟,机械学院,GE011024,艺术鉴赏,1.5,2026-02,2026-10-13,75,1
202605030501,郭玉霞,数学学院,CE102026,结构力学,3.5,2026-02,2026-06-26,86,0
202108020317,江文伟,外语学院,EM312023,电子商务,2.0,2021-02,2021-10-01,73,1
202306030409,萧勇,物理学院,GE000011,体育,1.0,2026-01,2026-02-10,75,0
202308050801,颜玉凤,外语学院,FL301015,综合英语,3.0,2023-01,2023-01-28,93,0
202005021011,徐志刚,数学学院,ME102025,工程力学,3.0,2021-02,2021-07-25,56,0
202303030804,蔡德兰,机械学院,GE011022,创新创业基础,1.5,2024-02,2024-10-13,80,1
202008020111,易志军,外语学院,MA201025,线性代数,3.0,2020-02,2020-08-02,59,0
202208051002,温山强,外语学院,CS113025,Web开发技术,2.5,2025-02,2025-10-13,72,1
202003021022,翟小菊,机械学院,EM301014,微观经济学,2.5,2020-01,2019-12-25,43,0
202005020916,夏建伟,数学学院,GE011013,大学生职业规划,1.0,2020-01,2020-03-11,63,1
202104040102,程河龙,土木学院,ME102025,工程力学,3.0,2022-02,2022-06-15,77,0
202502020118,叶娜,电信学院,CS113025,Web开发技术,2.5,2025-02,2025-10-05,73,1
202202050523,叶静,电信学院,GE011022,创新创业基础,1.5,2024-02,2024-10-03,75,1
202406020115,周云,物理学院,GE011022,创新创业基础,1.5,2025-02,2025-10-01,61,1
202408020821,洪芳,外语学院,MA201017,高等数学A,4.0,2024-01,2024-02-14,71,0
202507050723,邱小芳,经管学院,ME113024,机器人技术,2.5,2026-02,2026-10-12,79,1
202402030906,兰超,电信学院,CS113025,Web开发技术,2.5,2025-02,2025-10-12,-1,1
202006020929,武伟,物理学院,GE000011,体育,1.0,2023-01,2023-01-27,73,0
202201030114,孙秋松,计算机学院,GE011013,大学生职业规划,1.0,2026-01,2026-03-07,78,1
202204020718,韩桂,土木学院,ME113024,机器人技术,2.5,2022-02,2022-10-13,74,1
202004020602,夏山霞,土木学院,GE011024,艺术鉴赏,1.5,2022-02,2022-10-06,85,1
202606040616,武云,物理学院,EM301014,微观经济学,2.5,2026-01,2026-02-26,78,0
202206030108,熊伟,物理学院,EE102025,电路分析,3.0,2023-02,2023-08-12,62,0
202504010507,黄金龙,土木学院,CS102026,数据结构与算法,3.5,2026-02,2026-08-12,68,0
202606020227,李娜,物理学院,MA212026,数学建模,2.5,2026-02,2026-10-12,86,1
202107040803,贺红梅,经管学院,GE011024,艺术鉴赏,1.5,2021-02,2021-10-11,66,1
202401050627,邓志强,计算机学院,CS114014,人工智能导论,2.0,2026-01,2026-03-13,79,1
202401010215,赖玉梅,计算机学院,MA201017,高等数学A,4.0,2024-01,2024-02-01,83,0
202203010422,樊永强,机械学院,GE000011,体育,1.0,2023-01,2022-12-09,71,0
202308010317,庞玉兰,外语学院,CS102026,数据结构与算法,3.5,2024-02,2024-07-02,96,0
202501030104,蔡河龙,计算机学院,EE113024,物联网技术,2.5,2025-02,2025-10-11,83,1
202402010318,邱娜,电信学院,CE102026,结构力学,3.5,2025-02,2025-08-11,59,0
202208030328,翟学龙,外语学院,CE102026,结构力学,3.5,2023-02,2023-07-19,70,0
202104010910,余娟,土木学院,CE102026,结构力学,3.5,2022-02,2022-07-22,83,0
202002040429,徐志平,电信学院,ME113024,机器人技术,2.5,2022-02,2022-10-07,71,1
202002020127,董磊,电信学院,MA212026,数学建模,2.5,2025-02,2025-10-01,75,1
202504010409,崔小松,土木学院,GE000011,体育,1.0,2026-01,2026-02-19,61,0
202101010514,张志敏,计算机学院,CS113025,Web开发技术,2.5,2022-02,2022-10-07,61,1
202405050304,范强,数学学院,CS113025,Web开发技术,2.5,2024-02,2024-10-02,60,1
202105050230,季文凤,数学学院,GE001012,思想政治理论,2.0,2021-01,2021-01-16,44,0
202407040821,芦军,经管学院,GE000011,体育,1.0,2025-01,2025-01-17,75,0
202104020925,颜永军,土木学院,CE102026,结构力学,3.5,2022-02,2022-08-02,64,0
202102040720,钟建军,电信学院,CS114014,人工智能导论,2.0,2021-01,2021-03-07,62,1
202005011012,杜河梅,数学学院,EE102025,电路分析,3.0,2021-02,2021-08-17,91,0
202002030112,金秋兰,电信学院,MA201025,线性代数,3.0,2020-02,2020-06-20,74,0
202503030921,尹云,机械学院,EM301014,微观经济学,2.5,2025-01,2025-02-20,96,0
202107010511,谭秋辉,经管学院,GE001011,心理健康,1.0,2021-01,2021-02-17,59,0
202004040701,程国波,土木学院,GE011022,创新创业基础,1.5,2020-02,2020-10-13,100,1
202208010303,叶志勇,外语学院,EE102025,电路分析,3.0,2023-02,2023-08-24,79,0
202003020626,乔小霞,机械学院,EE113024,物联网技术,2.5,2024-02,2024-10-04,54,1
202108010807,蒋辉,外语学院,GE000011,体育,1.0,2024-01,2024-01-19,50,0
202308030530,袁德辉,外语学院,ME113024,机器人技术,2.5,2025-02,2025-10-12,79,1
202305040523,陆艳,数学学院,EE113024,物联网技术,2.5,2024-02,2024-10-07,87,1
202003030826,袁江明,机械学院,GE011024,艺术鉴赏,1.5,2024-02,2024-10-02,96,1
202007010730,翟河波,经管学院,MA212026,数学建模,2.5,2021-02,2021-10-06,72,1
202002050517,许山军,电信学院,GE011024,艺术鉴赏,1.5,2021-02,2021-10-07,72,1
202503031005,温德明,机械学院,CS102026,数据结构与算法,3.5,2026-02,2026-08-06,98,0
202106010127,殷小波,物理学院,EE113024,物联网技术,2.5,2021-02,2021-10-06,86,1
202405010725,韦静,数学学院,MA201017,高等数学A,4.0,2024-01,2023-12-14,73,0
202405040507,余明,数学学院,CS102026,数据结构与算法,3.5,2025-02,2025-07-02,87,0
202203010316,韩建华,机械学院,EM312023,电子商务,2.0,2023-02,2023-10-07,77,1
202003040501,曹玉菊,机械学院,CE102026,结构力学,3.5,2021-02,2021-06-15,88,0
202503050801,袁小梅,机械学院,MA201017,高等数学A,4.0,2025-01,2025-02-17,90,0
202606010509,韦志强,物理学院,MA212026,数学建模,2.5,2026-02,2026-10-11,76,1
202604020723,萧秀英,土木学院,EE113024,物联网技术,2.5,2026-02,2026-10-05,79,1
202503040621,许文波,机械学院,MA212026,数学建模,2.5,2026-02,2026-10-04,76,1
202001040404,常冬军,计算机学院,CS113025,Web开发技术,2.5,2020-02,2020-10-11,95,1
202605010426,宋永明,数学学院,GE001011,心理健康,1.0,2026-01,2026-01-18,75,0
202205050607,兰海燕,数学学院,GE001012,思想政治理论,2.0,2022-01,2022-02-12,-1,0
202408040213,王国华,外语学院,FL301015,综合英语,3.0,2024-01,2024-01-26,74,0
202403010118,冯晓霞,机械学院,MA212026,数学建模,2.5,2024-02,2024-10-11,85,1
202002011006,吴志涛,电信学院,FL301015,综合英语,3.0,2020-01,2020-02-04,71,0
202603050606,梁永明,机械学院,ME113024,机器人技术,2.5,2026-02,2026-10-11,94,1
202202020913,杨秋兰,电信学院,ME113024,机器人技术,2.5,2024-02,2024-10-05,96,1
202305010415,朱天强,数学学院,GE001011,心理健康,1.0,2023-01,2023-02-13,76,0
202208050712,谢明,外语学院,ME113024,机器人技术,2.5,2023-02,2023-10-11,89,1
202604010818,廖天涛,土木学院,FL301015,综合英语,3.0,2026-01,2025-12-08,89,0
202001011030,牛平,计算机学院,EE113024,物联网技术,2.5,2020-02,2020-10-05,82,1
202305030306,温金华,数学学院,ME102025,工程力学,3.0,2024-02,2024-07-23,75,0
202306040502,袁天松,物理学院,GE011013,大学生职业规划,1.0,2024-01,2024-03-11,82,1
202106030126,邱英,物理学院,CS113025,Web开发技术,2.5,2025-02,2025-10-12,84,1
202203020123,张建国,机械学院,ME113024,机器人技术,2.5,2026-02,2026-10-12,81,1
202502020718,崔德松,电信学院,GE000011,体育,1.0,2025-01,2025-01-02,79,0
202108030523,彭小芳,外语学院,GE000011,体育,1.0,2025-01,2025-02-18,-1,0
202604010316,常建明,土木学院,EE113024,物联网技术,2.5,2026-02,2026-10-12,80,1
202107010403,曹春明,经管学院,ME102025,工程力学,3.0,2022-02,2022-06-04,69,0
202306030920,季玉龙,物理学院,GE011013,大学生职业规划,1.0,2024-01,2024-03-13,87,1
202604010912,文春辉,土木学院,EM312023,电子商务,2.0,2026-02,2026-10-11,96,1
202206031011,武玲,物理学院,ME113024,机器人技术,2.5,2025-02,2025-10-11,68,1
202607050214,倪玉兰,经管学院,GE000011,体育,1.0,2026-01,2026-01-06,66,0
202003020314,吴国波,机械学院,EE102025,电路分析,3.0,2021-02,2021-06-17,99,0
202107010822,赖玉明,经管学院,FL301015,综合英语,3.0,2021-01,2021-01-20,60,0
202302010411,魏冬菊,电信学院,GE011013,大学生职业规划,1.0,2024-01,2024-03-11,100,1
202406030811,陆建国,物理学院,CS113025,Web开发技术,2.5,2024-02,2024-10-12,76,1
202304040925,严小明,土木学院,EM301014,微观经济学,2.5,2023-01,2023-02-24,83,0
202108020122,黄晓明,外语学院,EM301014,微观经济学,2.5,2021-01,2021-01-25,75,0
202405010519,汪德明,数学学院,FL301015,综合英语,3.0,2024-01,2024-01-07,-1,0
202603050509,许志明,机械学院,MA201017,高等数学A,4.0,2026-01,2026-01-09,88,0
202302040402,彭建华,电信学院,CE102026,结构力学,3.5,2024-02,2024-08-26,70,0
202604020129,季国强,土木学院,MA201025,线性代数,3.0,2026-02,2026-07-09,82,0
202201040228,芦志华,计算机学院,MA201017,高等数学A,4.0,2022-01,2022-01-28,78,0
202006031002,武志敏,物理学院,ME102025,工程力学,3.0,2021-02,2021-07-21,84,0
202506050905,马小平,物理学院,GE011022,创新创业基础,1.5,2025-02,2025-10-07,54,1
202302030525,倪玲,电信学院,EM301014,微观经济学,2.5,2023-01,2022-12-24,-1,0
202107020125,胡洋,经管学院,GE000011,体育,1.0,2025-01,2025-01-14,81,0
202401020430,安敏,计算机学院,CS113025,Web开发技术,2.5,2024-02,2024-10-07,59,1
202505010101,殷文兰,数学学院,EM312023,电子商务,2.0,2025-02,2025-10-12,78,1
202602050710,胡强,电信学院,GE000011,体育,1.0,2026-01,2026-02-06,79,0
202501050316,秦山军,计算机学院,MA201025,线性代数,3.0,2025-02,2025-08-07,67,0
202408010128,汪秋凤,外语学院,GE011022,创新创业基础,1.5,2024-02,2024-10-13,52,1
202106050918,邹志华,物理学院,CS114014,人工智能导论,2.0,2024-01,2024-03-05,80,1
202604040817,武志刚,土木学院,GE011024,艺术鉴赏,1.5,2026-02,2026-10-07,60,1
202303051026,颜小辉,机械学院,FL301015,综合英语,3.0,2023-01,2022-12-21,92,0
202102040205,陆平,电信学院,FL301015,综合英语,3.0,2021-01,2021-01-28,73,0
202205040809,陈娜,数学学院,MA201025,线性代数,3.0,2022-02,2022-06-26,74,0
202303020312,潘涛,机械学院,MA201017,高等数学A,4.0,2023-01,2023-01-27,84,0
202604010823,李丽娟,土木学院,EE102025,电路分析,3.0,2026-02,2026-08-27,70,0
202505020315,任军,数学学院,EM301014,微观经济学,2.5,2025-01,2025-02-16,73,0
202605050206,苏玉兰,数学学院,CS114014,人工智能导论,2.0,2026-01,2026-03-13,75,1
202505050123,陆娜,数学学院,MA201025,线性代数,3.0,2025-02,2025-06-08,63,0
202302040422,徐志伟,电信学院,GE001011,心理健康,1.0,2023-01,2022-12-06,71,0
202304020609,邓明,土木学院,EE113024,物联网技术,2.5,2024-02,2024-10-12,82,1
202601030230,蔡河松,计算机学院,GE001012,思想政治理论,2.0,2026-01,2026-02-16,70,0
202602021022,高山梅,电信学院,EM312023,电子商务,2.0,2026-02,2026-10-03,80,1
202403030801,芦芳,机械学院,MA212026,数学建模,2.5,2026-02,2026-10-01,56,1
202502040207,芦建国,电信学院,GE001012,思想政治理论,2.0,2025-01,2024-12-11,84,0
202304020729,萧建国,土木学院,GE011024,艺术鉴赏,1.5,2026-02,2026-10-12,91,1
202208020307,唐海涛,外语学院,CS102026,数据结构与算法,3.5,2023-02,2023-08-21,76,0
202404030628,黄明梅,土木学院,GE000011,体育,1.0,2026-01,2026-02-26,67,0
202108050720,文山梅,外语学院,GE001011,心理健康,1.0,2021-01,2021-01-19,50,0
202301010519,贾小红,计算机学院,EM301014,微观经济学,2.5,2023-01,2023-02-27,88,0
202307050128,罗学凤,经管学院,MA201025,线性代数,3.0,2023-02,2023-06-10,74,0
202408011003,邓辉,外语学院,CE102026,结构力学,3.5,2025-02,2025-06-01,56,0
202405050428,于建松,数学学院,GE001011,心理健康,1.0,2024-01,2023-12-08,89,0
202307050522,孟河兰,经管学院,GE000011,体育,1.0,2023-01,2022-12-25,69,0
202302050924,宋建菊,电信学院,GE011022,创新创业基础,1.5,2024-02,2024-10-12,67,1
202205030722,安建军,数学学院,CS102026,数据结构与算法,3.5,2023-02,2023-06-10,40,0
202105040919,孙小伟,数学学院,MA201025,线性代数,3.0,2021-02,2021-07-19,89,0
202105030707,蔡建辉,数学学院,CS113025,Web开发技术,2.5,2024-02,2024-10-13,69,1
202608040923,严建伟,外语学院,GE000011,体育,1.0,2026-01,2026-01-15,79,0
202602010619,方华,电信学院,GE011013,大学生职业规划,1.0,2026-01,2026-03-03,72,1
202502021028,贾玉兰,电信学院,MA201025,线性代数,3.0,2025-02,2025-07-26,80,0
202308050601,倪建华,外语学院,GE011013,大学生职业规划,1.0,2025-01,2025-03-12,81,1
202308020719,金江华,外语学院,CE102026,结构力学,3.5,2024-02,2024-08-26,78,0
202004010324,钟洋,土木学院,FL301015,综合英语,3.0,2020-01,2020-02-09,73,0
202302050305,郭河涛,电信学院,EE113024,物联网技术,2.5,2023-02,2023-10-11,94,1
202607020227,许玉松,经管学院,GE000011,体育,1.0,2026-01,2026-02-20,48,0
202506010618,白学霞,物理学院,EE113024,物联网技术,2.5,2026-02,2026-10-03,54,1
202302020116,魏志霞,电信学院,EM312023,电子商务,2.0,2026-02,2026-10-12,77,1
202503010506,姜霞,机械学院,EE102025,电路分析,3.0,2026-02,2026-07-16,82,0
202507010401,颜河凤,经管学院,CS113025,Web开发技术,2.5,2026-02,2026-10-13,92,1
202003030809,潘磊,机械学院,EM301014,微观经济学,2.5,2020-01,2019-12-01,65,0
202507030704,兰志平,经管学院,CS114014,人工智能导论,2.0,2025-01,2025-03-06,70,1
202202010805,罗小峰,电信学院,GE001012,思想政治理论,2.0,2022-01,2022-02-09,92,0
202302050128,乔国梅,电信学院,EM301014,微观经济学,2.5,2023-01,2022-12-28,77,0
202208020201,温春凤,外语学院,CS114014,人工智能导论,2.0,2024-01,2024-03-03,79,1
202106050321,乔永霞,物理学院,GE011022,创新创业基础,1.5,2023-02,2023-10-03,74,1
202607030612,邹云,经管学院,GE001012,思想政治理论,2.0,2026-01,2026-02-26,69,0
202106010807,贾娜,物理学院,CE102026,结构力学,3.5,2022-02,2022-07-15,75,0
202507010405,谢小红,经管学院,CE102026,结构力学,3.5,2026-02,2026-06-11,72,0
202003010808,邓小平,机械学院,FL301015,综合英语,3.0,2020-01,2020-01-28,52,0
202502050822,孙明兰,电信学院,CS113025,Web开发技术,2.5,2026-02,2026-10-11,65,1
202306050717,范志强,物理学院,MA212026,数学建模,2.5,2023-02,2023-10-01,57,1
202102050601,安志军,电信学院,EE113024,物联网技术,2.5,2023-02,2023-10-13,70,1
202604020910,魏河强,土木学院,MA212026,数学建模,2.5,2026-02,2026-10-11,69,1
202206020713,吴海霞,物理学院,EM301014,微观经济学,2.5,2022-01,2021-12-28,69,0
202005051021,熊志华,数学学院,MA201017,高等数学A,4.0,2020-01,2019-12-05,89,0
202501030612,洪桂,计算机学院,EM301014,微观经济学,2.5,2025-01,2025-02-28,85,0
202603011023,方志平,机械学院,MA201025,线性代数,3.0,2026-02,2026-06-05,49,0
202303010806,唐敏,机械学院,ME102025,工程力学,3.0,2024-02,2024-08-15,64,0
202302051024,熊志强,电信学院,EM312023,电子商务,2.0,2024-02,2024-10-13,66,1
202501030217,叶伟,计算机学院,CS102026,数据结构与算法,3.5,2026-02,2026-06-11,80,0
202602040729,汪学辉,电信学院,MA212026,数学建模,2.5,2026-02,2026-10-07,71,1
202106040619,蔡德强,物理学院,MA201025,线性代数,3.0,2021-02,2021-08-27,60,0
202407031030,叶敏,经管学院,EM301014,微观经济学,2.5,2024-01,2024-02-04,62,0
202608020912,严玉霞,外语学院,GE011013,大学生职业规划,1.0,2026-01,2026-03-04,81,1
202205040725,程玉辉,数学学院,EE102025,电路分析,3.0,2023-02,2023-08-02,61,0
202208030306,萧小芳,外语学院,CS114014,人工智能导论,2.0,2023-01,2023-03-13,60,1
202001010818,于天松,计算机学院,MA201017,高等数学A,4.0,2020-01,2020-01-04,75,0
202105021008,韩志敏,数学学院,CS102026,数据结构与算法,3.5,2022-02,2022-06-17,87,0
202604040517,陆志平,土木学院,EM312023,电子商务,2.0,2026-02,2026-10-02,74,1
202605051005,方玉兰,数学学院,ME102025,工程力学,3.0,2026-02,2026-07-11,96,0
202107010922,唐超,经管学院,CS113025,Web开发技术,2.5,2021-02,2021-10-12,69,1
202501030720,陆伟,计算机学院,MA201017,高等数学A,4.0,2025-01,2024-12-25,66,0
202406010515,刘河华,物理学院,GE001011,心理健康,1.0,2024-01,2024-01-24,70,0
202007020914,李建军,经管学院,ME102025,工程力学,3.0,2021-02,2021-08-03,83,0
202002021022,翟河松,电信学院,EE113024,物联网技术,2.5,2023-02,2023-10-13,66,1
202608030127,韩玲,外语学院,GE011022,创新创业基础,1.5,2026-02,2026-10-12,47,1
202104010915,付学伟,土木学院,FL301015,综合英语,3.0,2021-01,2020-12-10,74,0
202003040327,叶伟,机械学院,ME113024,机器人技术,2.5,2022-02,2022-10-05,63,1
202304050601,夏晓兰,土木学院,EE113024,物联网技术,2.5,2026-02,2026-10-11,84,1
202408050406,丁山兰,外语学院,EM301014,微观经济学,2.5,2024-01,2024-02-23,90,0
202402020814,杜建波,电信学院,ME113024,机器人技术,2.5,2025-02,2025-10-11,92,1
202505031003,彭娟,数学学院,MA212026,数学建模,2.5,2026-02,2026-10-11,60,1
202108010124,田明华,外语学院,CS102026,数据结构与算法,3.5,2022-02,2022-06-03,59,0
202201040115,朱河伟,计算机学院,GE011024,艺术鉴赏,1.5,2023-02,2023-10-05,72,1
202008030607,卢金辉,外语学院,GE000011,体育,1.0,2024-01,2024-01-24,82,0
202001030321,乔永华,计算机学院,CS113025,Web开发技术,2.5,2020-02,2020-10-11,88,1
202003010621,熊小华,机械学院,GE011024,艺术鉴赏,1.5,2026-02,2026-10-12,84,1
202504040711,陶金松,土木学院,EE113024,物联网技术,2.5,2025-02,2025-10-02,75,1
202002010127,蒋云,电信学院,ME102025,工程力学,3.0,2021-02,2021-08-15,64,0
202303020721,乔河军,机械学院,CE102026,结构力学,3.5,2024-02,2024-07-06,33,0
202607050612,李娜,经管学院,GE001012,思想政治理论,2.0,2026-01,2025-12-05,56,0
202307040215,曹国华,经管学院,MA212026,数学建模,2.5,2023-02,2023-10-13,76,1
202405051005,沈永强,数学学院,GE001012,思想政治理论,2.0,2024-01,2023-12-19,84,0
202108010803,赵丽娟,外语学院,MA212026,数学建模,2.5,2022-02,2022-10-02,69,1
202007030802,韩小华,经管学院,GE011013,大学生职业规划,1.0,2024-01,2024-03-04,52,1
202107050919,季玉波,经管学院,CS113025,Web开发技术,2.5,2022-02,2022-10-05,82,1
202205010709,杜学波,数学学院,EE102025,电路分析,3.0,2023-02,2023-07-16,65,0
202404050708,石强,土木学院,MA212026,数学建模,2.5,2024-02,2024-10-05,87,1
202106050903,任丽娟,物理学院,GE001012,思想政治理论,2.0,2021-01,2021-01-12,83,0
202407010726,许文凤,经管学院,GE001011,心理健康,1.0,2024-01,2023-12-15,86,0
202507050221,谢小芳,经管学院,EE113024,物联网技术,2.5,2026-02,2026-10-07,56,1
202502030128,宋国辉,电信学院,CS102026,数据结构与算法,3.5,2026-02,2026-07-07,80,0
202101030305,程秋波,计算机学院,EE113024,物联网技术,2.5,2022-02,2022-10-06,65,1
202305030620,龚建华,数学学院,MA201017,高等数学A,4.0,2023-01,2022-12-28,83,0
202605040404,吴山梅,数学学院,ME102025,工程力学,3.0,2026-02,2026-07-28,85,0
202406040212,倪红梅,物理学院,ME113024,机器人技术,2.5,2026-02,2026-10-04,66,1
202608040220,钟建国,外语学院,EM301014,微观经济学,2.5,2026-01,2026-02-09,72,0
202206030526,廖河涛,物理学院,ME102025,工程力学,3.0,2023-02,2023-08-09,68,0
202406030105,姜桂,物理学院,CE102026,结构力学,3.5,2025-02,2025-08-21,74,0
202605050828,杜小涛,数学学院,EE113024,物联网技术,2.5,2026-02,2026-10-11,64,1
202406040429,梁志涛,物理学院,EE102025,电路分析,3.0,2025-02,2025-07-06,60,0
202004010414,武秀兰,土木学院,CS113025,Web开发技术,2.5,2023-02,2023-10-13,68,1
202303030610,石娜,机械学院,GE011013,大学生职业规划,1.0,2024-01,2024-03-11,52,1
202603051002,苏建华,机械学院,EE113024,物联网技术,2.5,2026-02,2026-10-11,76,1
202201030304,翟晓霞,计算机学院,EE102025,电路分析,3.0,2023-02,2023-07-21,43,0
202504040822,邓华,土木学院,CE102026,结构力学,3.5,2026-02,2026-07-20,-1,0
202404030813,温冬梅,土木学院,ME113024,机器人技术,2.5,2026-02,2026-10-13,51,1
202301040802,范辉,计算机学院,GE011013,大学生职业规划,1.0,2024-01,2024-03-13,95,1
202201040613,卢玉菊,计算机学院,EM312023,电子商务,2.0,2022-02,2022-10-13,64,1
202308010608,田天明,外语学院,CS102026,数据结构与算法,3.5,2024-02,2024-08-23,55,0
202401050309,邱志平,计算机学院,EM301014,微观经济学,2.5,2024-01,2023-12-12,50,0
202504020907,颜玉涛,土木学院,GE001012,思想政治理论,2.0,2025-01,2025-01-18,81,0
202003050501,范英,机械学院,FL301015,综合英语,3.0,2020-01,2019-12-11,74,0
202202050828,任伟,电信学院,GE011013,大学生职业规划,1.0,2024-01,2024-03-03,71,1
202605040501,江冬军,数学学院,CS113025,Web开发技术,2.5,2026-02,2026-10-11,64,1
202206030601,韩建华,物理学院,ME102025,工程力学,3.0,2023-02,2023-07-19,77,0
202305010715,周超,数学学院,MA201025,线性代数,3.0,2023-02,2023-07-21,55,0
202101030811,杜山松,计算机学院,GE011013,大学生职业规划,1.0,2021-01,2021-03-06,73,1
202304020620,魏国龙,土木学院,ME102025,工程力学,3.0,2024-02,2024-08-15,-1,0
202108030923,任小华,外语学院,FL301015,综合英语,3.0,2021-01,2020-12-21,73,0
202105030418,邓志平,数学学院,MA201025,线性代数,3.0,2021-02,2021-06-10,-1,0
202202050210,温学柏,电信学院,MA201025,线性代数,3.0,2022-02,2022-07-12,74,0
202304030617,杨晓伟,土木学院,GE011022,创新创业基础,1.5,2024-02,2024-10-02,77,1
202004010414,周燕,土木学院,GE011022,创新创业基础,1.5,2026-02,2026-10-13,70,1
202601050814,韦桂兰,计算机学院,GE001011,心理健康,1.0,2026-01,2026-01-23,72,0
202006050901,董杰,物理学院,CS113025,Web开发技术,2.5,2025-02,2025-10-01,97,1
202002020908,殷金华,电信学院,CS113025,Web开发技术,2.5,2024-02,2024-10-02,51,1
202506051024,钟娜,物理学院,GE011013,大学生职业规划,1.0,2025-01,2025-03-13,79,1
202002010723,文明菊,电信学院,CS113025,Web开发技术,2.5,2026-02,2026-10-11,50,1
202408020514,冯山菊,外语学院,ME113024,机器人技术,2.5,2026-02,2026-10-11,74,1
202207020124,赵杰,经管学院,MA201025,线性代数,3.0,2022-02,2022-07-14,80,0
202505040227,石云,数学学院,EE102025,电路分析,3.0,2026-02,2026-06-15,73,0
202305030111,孟德霞,数学学院,ME113024,机器人技术,2.5,2025-02,2025-10-12,86,1
202506030316,韦华,物理学院,EM312023,电子商务,2.0,2026-02,2026-10-13,78,1
202103010101,文玉龙,机械学院,EM301014,微观经济学,2.5,2021-01,2021-02-02,70,0
202502050615,宋河菊,电信学院,MA201025,线性代数,3.0,2025-02,2025-08-03,77,0
202001050917,吴建凤,计算机学院,EE113024,物联网技术,2.5,2020-02,2020-10-05,81,1
202408041019,陶河柏,外语学院,EE113024,物联网技术,2.5,2026-02,2026-10-13,68,1
202605010209,周志勇,数学学院,EM301014,微观经济学,2.5,2026-01,2025-12-03,70,0
202507031030,常玉凤,经管学院,EM301014,微观经济学,2.5,2025-01,2024-12-26,72,0
202402020425,范磊,电信学院,ME102025,工程力学,3.0,2025-02,2025-08-15,95,0
202606020817,施志刚,物理学院,CS102026,数据结构与算法,3.5,2026-02,2026-08-23,84,0
202001040723,田金峰,计算机学院,ME113024,机器人技术,2.5,2021-02,2021-10-11,64,1
202007030119,蔡冬松,经管学院,FL301015,综合英语,3.0,2020-01,2020-01-14,83,0
202103030808,曹河菊,机械学院,MA201025,线性代数,3.0,2021-02,2021-08-25,66,0
202503020413,萧秀兰,机械学院,MA201017,高等数学A,4.0,2025-01,2025-01-01,59,0
202104020622,樊海华,土木学院,EE113024,物联网技术,2.5,2024-02,2024-10-05,77,1
202602020120,陈桂,电信学院,EM312023,电子商务,2.0,2026-02,2026-10-01,-1,1
202206040509,谭江凤,物理学院,GE011022,创新创业基础,1.5,2024-02,2024-10-13,72,1
202305030815,沈海柏,数学学院,GE000011,体育,1.0,2024-01,2024-01-22,78,0
202502010118,安建军,电信学院,GE001011,心理健康,1.0,2025-01,2025-01-22,86,0
202406040908,夏建峰,物理学院,EE113024,物联网技术,2.5,2026-02,2026-10-12,100,1
202202050801,黄河波,电信学院,CS114014,人工智能导论,2.0,2026-01,2026-03-05,93,1
202001030513,方勇,计算机学院,CS114014,人工智能导论,2.0,2025-01,2025-03-13,73,1
202302040424,熊玉兰,电信学院,CE102026,结构力学,3.5,2024-02,2024-06-19,51,0
202408020706,周明,外语学院,CE102026,结构力学,3.5,2025-02,2025-08-13,58,0
202303040219,宋春兰,机械学院,MA212026,数学建模,2.5,2025-02,2025-10-11,80,1
202505011019,吴志峰,数学学院,EM312023,电子商务,2.0,2026-02,2026-10-04,68,1
202105040512,严明伟,数学学院,EE102025,电路分析,3.0,2022-02,2022-08-24,44,0
202607030508,殷江波,经管学院,ME102025,工程力学,3.0,2026-02,2026-06-06,81,0
202305030708,翟玉霞,数学学院,EM312023,电子商务,2.0,2026-02,2026-10-12,63,1
202501050910,沈海明,计算机学院,GE011024,艺术鉴赏,1.5,2025-02,2025-10-13,85,1
202104010923,倪云,土木学院,CS114014,人工智能导论,2.0,2022-01,2022-03-05,56,1
202303010206,周霞,机械学院,MA201025,线性代数,3.0,2023-02,2023-06-12,83,0
202403040919,金志柏,机械学院,MA201017,高等数学A,4.0,2024-01,2024-01-04,94,0
202207021018,武云,经管学院,CS113025,Web开发技术,2.5,2023-02,2023-10-12,54,1
202508040827,孟秋波,外语学院,GE001012,思想政治理论,2.0,2025-01,2025-02-12,69,0
202501050107,严山柏,计算机学院,EM312023,电子商务,2.0,2025-02,2025-10-13,84,1
202101040328,杜天辉,计算机学院,GE000011,体育,1.0,2024-01,2024-02-19,57,0
202505040814,姜娜,数学学院,CS114014,人工智能导论,2.0,2025-01,2025-03-02,66,1
202302040516,武建军,电信学院,GE011022,创新创业基础,1.5,2026-02,2026-10-01,65,1
202203050404,翟江凤,机械学院,EM301014,微观经济学,2.5,2022-01,2022-01-09,83,0
202401040702,彭丽娟,计算机学院,GE011013,大学生职业规划,1.0,2024-01,2024-03-03,82,1
202601050205,秦河波,计算机学院,GE001012,思想政治理论,2.0,2026-01,2025-12-15,90,0
202302030512,易娟,电信学院,GE011013,大学生职业规划,1.0,2026-01,2026-03-03,76,1
202402010712,于江凤,电信学院,CE102026,结构力学,3.5,2025-02,2025-08-21,94,0
202408030321,廖河华,外语学院,EE102025,电路分析,3.0,2025-02,2025-06-07,48,0
202103020925,何芳,机械学院,ME102025,工程力学,3.0,2022-02,2022-07-18,77,0
202403040509,倪秀珍,机械学院,GE001011,心理健康,1.0,2024-01,2023-12-05,82,0
202302020103,吕霞,电信学院,ME113024,机器人技术,2.5,2025-02,2025-10-12,72,1
202305010727,魏永龙,数学学院,GE000011,体育,1.0,2024-01,2024-02-06,75,0
202302030308,王玉涛,电信学院,GE011022,创新创业基础,1.5,2024-02,2024-10-12,82,1
202401040319,施建军,计算机学院,CS113025,Web开发技术,2.5,2024-02,2024-10-13,48,1
202608050530,易明,外语学院,FL301015,综合英语,3.0,2026-01,2026-02-09,71,0
202606051022,杜德辉,物理学院,CE102026,结构力学,3.5,2026-02,2026-08-27,61,0
202001050526,刘国华,计算机学院,EM301014,微观经济学,2.5,2020-01,2020-02-11,80,0
202604040720,易小明,土木学院,CE102026,结构力学,3.5,2026-02,2026-07-20,64,0
202303020426,沈金松,机械学院,CE102026,结构力学,3.5,2024-02,2024-08-14,66,0
202101010924,季山凤,计算机学院,EE102025,电路分析,3.0,2022-02,2022-08-19,64,0
202506050104,范平,物理学院,MA212026,数学建模,2.5,2025-02,2025-10-05,80,1
202303010925,赵杰,机械学院,GE011013,大学生职业规划,1.0,2026-01,2026-03-12,70,1
202305030522,韦玲,数学学院,FL301015,综合英语,3.0,2023-01,2022-12-28,68,0
202307041008,颜国军,经管学院,GE011024,艺术鉴赏,1.5,2023-02,2023-10-04,70,1
202503020530,沈江凤,机械学院,GE000011,体育,1.0,2026-01,2026-01-27,60,0
202602050412,庞秀珍,电信学院,MA212026,数学建模,2.5,2026-02,2026-10-11,72,1
202504011020,刘明龙,土木学院,GE001012,思想政治理论,2.0,2025-01,2025-02-08,79,0
202304010409,任涛,土木学院,MA212026,数学建模,2.5,2023-02,2023-10-13,89,1
202504030606,武伟,土木学院,FL301015,综合英语,3.0,2025-01,2025-02-18,-1,0
202608031010,何志军,外语学院,MA201025,线性代数,3.0,2026-02,2026-08-21,88,0
202307010624,杨金明,经管学院,ME102025,工程力学,3.0,2024-02,2024-08-19,54,0
202303020627,曹国波,机械学院,ME113024,机器人技术,2.5,2026-02,2026-10-07,68,1
202201030825,姜敏,计算机学院,GE011013,大学生职业规划,1.0,2025-01,2025-03-06,71,1
202106050121,任磊,物理学院,MA212026,数学建模,2.5,2022-02,2022-10-11,57,1
202501020406,吕辉,计算机学院,GE000011,体育,1.0,2025-01,2025-02-28,65,0
202005011002,温冬辉,数学学院,MA201017,高等数学A,4.0,2020-01,2020-01-01,66,0
202308020821,芦海涛,外语学院,EM312023,电子商务,2.0,2023-02,2023-10-12,82,1
202102040211,龚涛,电信学院,GE000011,体育,1.0,2024-01,2023-12-21,79,0
202103050406,白秋兰,机械学院,GE011022,创新创业基础,1.5,2021-02,2021-10-12,86,1
202307020224,林云,经管学院,GE011024,艺术鉴赏,1.5,2023-02,2023-10-06,75,1
202207010301,董涛,经管学院,ME102025,工程力学,3.0,2023-02,2023-07-20,66,0
202406010227,吴江兰,物理学院,EE113024,物联网技术,2.5,2025-02,2025-10-04,-1,1
202007010224,黄文辉,经管学院,CE102026,结构力学,3.5,2021-02,2021-08-28,72,0
202202020119,唐海涛,电信学院,EE113024,物联网技术,2.5,2024-02,2024-10-02,88,1
202605040221,陶河菊,数学学院,GE011013,大学生职业规划,1.0,2026-01,2026-03-12,87,1
202007040829,萧玉兰,经管学院,EE113024,物联网技术,2.5,2021-02,2021-10-12,70,1
202105040503,任芳,数学学院,ME113024,机器人技术,2.5,2024-02,2024-10-03,53,1
202107010920,杜永明,经管学院,EM312023,电子商务,2.0,2025-02,2025-10-11,51,1
202307050506,苏秀珍,经管学院,CS114014,人工智能导论,2.0,2026-01,2026-03-03,70,1
202104030716,牛小芳,土木学院,GE001011,心理健康,1.0,2021-01,2021-02-14,89,0
202108040402,王建凤,外语学院,EE113024,物联网技术,2.5,2026-02,2026-10-13,69,1
202201020804,芦英,计算机学院,CS114014,人工智能导论,2.0,2024-01,2024-03-04,-1,1
202405010803,陆超,数学学院,CS114014,人工智能导论,2.0,2025-01,2025-03-05,64,1
202102030214,白秋明,电信学院,GE001011,心理健康,1.0,2021-01,2021-01-12,70,0
202002040604,余洋,电信学院,MA212026,数学建模,2.5,2021-02,2021-10-01,79,1
202302050206,陈小明,电信学院,CS113025,Web开发技术,2.5,2024-02,2024-10-13,-1,1
202503020402,萧小明,机械学院,CS102026,数据结构与算法,3.5,2026-02,2026-06-28,43,0
202307040104,范娜,经管学院,MA212026,数学建模,2.5,2025-02,2025-10-12,45,1
202606020928,付明柏,物理学院,FL301015,综合英语,3.0,2026-01,2026-02-18,75,0
202005010820,谢海燕,数学学院,EM312023,电子商务,2.0,2022-02,2022-10-11,54,1
202302050826,徐芳,电信学院,GE001012,思想政治理论,2.0,2023-01,2023-01-21,75,0
202104010904,韦桂,土木学院,CS114014,人工智能导论,2.0,2021-01,2021-03-12,86,1
202104030214,唐桂兰,土木学院,EM301014,微观经济学,2.5,2021-01,2021-02-05,73,0
202608030208,卢文龙,外语学院,MA201017,高等数学A,4.0,2026-01,2026-01-15,76,0
202407050904,韦玲,经管学院,GE011013,大学生职业规划,1.0,2026-01,2026-03-07,-1,1
202101030322,潘秀兰,计算机学院,GE011024,艺术鉴赏,1.5,2023-02,2023-10-11,93,1
202205030203,王文霞,数学学院,EM301014,微观经济学,2.5,2022-01,2021-12-15,63,0
202203050902,贾玉兰,机械学院,ME102025,工程力学,3.0,2023-02,2023-08-13,48,0
202005030808,马丽,数学学院,FL301015,综合英语,3.0,2020-01,2020-02-12,57,0
202501020126,韦桂兰,计算机学院,GE000011,体育,1.0,2025-01,2024-12-27,48,0
202308031010,谢秀兰,外语学院,MA201017,高等数学A,4.0,2023-01,2023-02-07,77,0
202102010719,秦玉霞,电信学院,ME102025,工程力学,3.0,2022-02,2022-06-28,58,0
202406050826,黎建凤,物理学院,GE001011,心理健康,1.0,2024-01,2023-12-28,76,0
202401030117,廖德菊,计算机学院,GE011024,艺术鉴赏,1.5,2026-02,2026-10-04,83,1
202302050424,庞志刚,电信学院,MA201017,高等数学A,4.0,2023-01,2023-02-03,80,0
202304040708,黎冬军,土木学院,ME102025,工程力学,3.0,2024-02,2024-07-19,78,0
202002020803,谢桂兰,电信学院,ME113024,机器人技术,2.5,2022-02,2022-10-11,46,1
202101020806,曾明兰,计算机学院,EE113024,物联网技术,2.5,2026-02,2026-10-02,75,1
202105030921,叶志强,数学学院,GE001012,思想政治理论,2.0,2021-01,2021-02-25,68,0
202404040801,谭学龙,土木学院,EE113024,物联网技术,2.5,2024-02,2024-10-13,42,1
202204010315,郑杰,土木学院,MA201017,高等数学A,4.0,2022-01,2022-02-25,72,0
202007050204,洪丽娟,经管学院,ME102025,工程力学,3.0,2021-02,2021-07-18,71,0
202003040722,芦云,机械学院,GE011024,艺术鉴赏,1.5,2020-02,2020-10-13,90,1
202604030504,倪伟,土木学院,CS102026,数据结构与算法,3.5,2026-02,2026-08-15,77,0
202405020905,叶杰,数学学院,EE102025,电路分析,3.0,2025-02,2025-08-13,86,0
202203050410,杜文龙,机械学院,GE011022,创新创业基础,1.5,2026-02,2026-10-13,58,1
202501030710,萧超,计算机学院,MA201017,高等数学A,4.0,2025-01,2025-01-09,80,0
202206050807,刘金峰,物理学院,EM312023,电子商务,2.0,2024-02,2024-10-02,65,1
202301030310,刘河明,计算机学院,MA212026,数学建模,2.5,2026-02,2026-10-13,79,1
202107040524,兰小明,经管学院,GE011013,大学生职业规划,1.0,2024-01,2024-03-13,65,1
202002050330,付国梅,电信学院,CS114014,人工智能导论,2.0,2025-01,2025-03-13,96,1
202007030404,董建国,经管学院,GE011024,艺术鉴赏,1.5,2021-02,2021-10-11,76,1
202001040216,赵华,计算机学院,EM312023,电子商务,2.0,2022-02,2022-10-07,95,1
202008021027,夏小峰,外语学院,EM301014,微观经济学,2.5,2020-01,2019-12-05,71,0
202204040920,梁江军,土木学院,EE102025,电路分析,3.0,2023-02,2023-07-22,75,0
202406050430,武秀兰,物理学院,MA201025,线性代数,3.0,2024-02,2024-08-05,46,0
202404030521,武小明,土木学院,EM301014,微观经济学,2.5,2024-01,2024-02-14,100,0
202303020828,罗冬霞,机械学院,EE113024,物联网技术,2.5,2025-02,2025-10-12,81,1
202606040816,许天菊,物理学院,EM301014,微观经济学,2.5,2026-01,2026-02-11,51,0
202101020314,何志强,计算机学院,EE102025,电路分析,3.0,2022-02,2022-08-12,71,0
202403050114,孙德霞,机械学院,CS114014,人工智能导论,2.0,2024-01,2024-03-03,62,1
202205021008,尹玲,数学学院,GE011024,艺术鉴赏,1.5,2025-02,2025-10-06,59,1
202602050501,彭红梅,电信学院,MA201025,线性代数,3.0,2026-02,2026-08-15,74,0
202207050703,叶建华,经管学院,EM301014,微观经济学,2.5,2022-01,2022-01-09,97,0
202103040902,廖永辉,机械学院,GE001012,思想政治理论,2.0,2021-01,2021-01-18,76,0
202305050809,魏河龙,数学学院,CE102026,结构力学,3.5,2024-02,2024-08-17,92,0
202602050715,周燕,电信学院,GE001011,心理健康,1.0,2026-01,2026-01-06,76,0
202005050503,范云,数学学院,MA201017,高等数学A,4.0,2020-01,2019-12-24,84,0
202004050811,徐明,土木学院,EM301014,微观经济学,2.5,2020-01,2020-02-24,80,0
202304051023,蔡永强,土木学院,ME102025,工程力学,3.0,2024-02,2024-08-14,-1,0
202301011005,乔天军,计算机学院,MA212026,数学建模,2.5,2023-02,2023-10-05,52,1
202101020617,翟冬军,计算机学院,ME102025,工程力学,3.0,2022-02,2022-06-21,87,0
202108020628,姜建军,外语学院,GE011013,大学生职业规划,1.0,2025-01,2025-03-07,62,1
202405030219,武红梅,数学学院,GE001011,心理健康,1.0,2024-01,2024-02-25,82,0
202603030417,夏江柏,机械学院,CS113025,Web开发技术,2.5,2026-02,2026-10-01,-1,1
202108040613,石娟,外语学院,ME113024,机器人技术,2.5,2024-02,2024-10-05,71,1
202207040318,罗天涛,经管学院,GE011024,艺术鉴赏,1.5,2023-02,2023-10-11,72,1
202105030910,姜红梅,数学学院,GE001011,心理健康,1.0,2021-01,2021-02-20,56,0
202602030229,秦海辉,电信学院,EM301014,微观经济学,2.5,2026-01,2026-02-28,84,0
202103020927,苏强,机械学院,ME113024,机器人技术,2.5,2026-02,2026-10-11,68,1
202501020319,黄河军,计算机学院,ME102025,工程力学,3.0,2026-02,2026-08-06,-1,0
202007030301,廖文伟,经管学院,ME113024,机器人技术,2.5,2026-02,2026-10-02,68,1
202503010521,黄金峰,机械学院,CS113025,Web开发技术,2.5,2026-02,2026-10-02,79,1
202403030401,胡小芳,机械学院,GE000011,体育,1.0,2024-01,2024-02-09,90,0
202508010911,彭敏,外语学院,EM301014,微观经济学,2.5,2025-01,2025-01-11,94,0
202202010617,白德凤,电信学院,ME102025,工程力学,3.0,2023-02,2023-07-21,85,0
202207040526,卢山涛,经管学院,EE102025,电路分析,3.0,2023-02,2023-08-19,-1,0
202407050826,尹辉,经管学院,CE102026,结构力学,3.5,2025-02,2025-06-17,82,0
202202030506,唐英,电信学院,ME102025,工程力学,3.0,2023-02,2023-08-28,73,0
202305030316,张涛,数学学院,EM312023,电子商务,2.0,2023-02,2023-10-12,78,1
202307030221,何小明,经管学院,CS114014,人工智能导论,2.0,2026-01,2026-03-12,53,1
202504020516,洪霞,土木学院,EM301014,微观经济学,2.5,2025-01,2025-01-04,88,0
202108050223,施超,外语学院,ME102025,工程力学,3.0,2022-02,2022-08-18,54,0
202201020305,沈春龙,计算机学院,CS114014,人工智能导论,2.0,2024-01,2024-03-12,75,1
202405021026,杜志柏,数学学院,EM301014,微观经济学,2.5,2024-01,2024-01-02,69,0
202108011007,温志霞,外语学院,CS113025,Web开发技术,2.5,2024-02,2024-10-03,84,1
202005010824,芦玉兰,数学学院,GE011013,大学生职业规划,1.0,2023-01,2023-03-05,59,1
202402010409,余志华,电信学院,EM312023,电子商务,2.0,2024-02,2024-10-12,63,1
202007030419,叶小明,经管学院,MA201017,高等数学A,4.0,2020-01,2020-02-26,76,0
202208040719,安小华,外语学院,GE011024,艺术鉴赏,1.5,2022-02,2022-10-11,77,1
202302050927,谢军,电信学院,GE011013,大学生职业规划,1.0,2023-01,2023-03-03,-1,1
202002040104,彭海燕,电信学院,MA201017,高等数学A,4.0,2020-01,2020-01-07,76,0
202004030607,姚志平,土木学院,FL301015,综合英语,3.0,2020-01,2020-02-18,87,0
202106040328,姜燕,物理学院,MA212026,数学建模,2.5,2021-02,2021-10-12,73,1
202405020507,邓小芳,数学学院,CE102026,结构力学,3.5,2025-02,2025-07-27,45,0
202505020624,白秋涛,数学学院,GE000011,体育,1.0,2025-01,2025-01-27,73,0
202605021005,贾娟,数学学院,FL301015,综合英语,3.0,2026-01,2025-12-02,-1,0
202503040729,田晓霞,机械学院,CS114014,人工智能导论,2.0,2025-01,2025-03-12,84,1
202607040925,乔山伟,经管学院,CS102026,数据结构与算法,3.5,2026-02,2026-08-22,78,0
202501041027,高冬柏,计算机学院,GE011022,创新创业基础,1.5,2025-02,2025-10-04,64,1
202102040114,姚建军,电信学院,GE011022,创新创业基础,1.5,2026-02,2026-10-11,-1,1
202408020907,季秋凤,外语学院,CS102026,数据结构与算法,3.5,2025-02,2025-08-12,83,0
202304010425,郭秋强,土木学院,GE011024,艺术鉴赏,1.5,2023-02,2023-10-02,100,1
202402041011,洪勇,电信学院,MA201025,线性代数,3.0,2024-02,2024-06-07,79,0
202607030606,余海涛,经管学院,ME102025,工程力学,3.0,2026-02,2026-07-20,53,0
202401010420,余小华,计算机学院,CE102026,结构力学,3.5,2025-02,2025-06-22,56,0
202101010830,赖德波,计算机学院,CS113025,Web开发技术,2.5,2022-02,2022-10-12,79,1
202407050727,邱燕,经管学院,GE000011,体育,1.0,2025-01,2025-02-17,73,0
202601020102,姚静,计算机学院,EE102025,电路分析,3.0,2026-02,2026-08-17,45,0
202301050427,郭建华,计算机学院,EM312023,电子商务,2.0,2025-02,2025-10-05,78,1
202506040406,赖国华,物理学院,EM312023,电子商务,2.0,2025-02,2025-10-11,78,1
202307020621,杜学柏,经管学院,GE011022,创新创业基础,1.5,2025-02,2025-10-04,-1,1
202002050617,蒋玉兰,电信学院,GE011024,艺术鉴赏,1.5,2020-02,2020-10-13,55,1
202307030722,田江梅,经管学院,FL301015,综合英语,3.0,2023-01,2023-01-28,60,0
202205020501,吴明伟,数学学院,CS113025,Web开发技术,2.5,2024-02,2024-10-03,48,1
202101030308,周燕,计算机学院,ME113024,机器人技术,2.5,2024-02,2024-10-07,72,1
202105010219,梁文柏,数学学院,FL301015,综合英语,3.0,2021-01,2020-12-27,62,0
202203050628,兰志强,机械学院,EE102025,电路分析,3.0,2023-02,2023-08-15,58,0
202108021020,尹艳,外语学院,GE001012,思想政治理论,2.0,2021-01,2021-02-28,63,0
202606041016,庞海涛,物理学院,FL301015,综合英语,3.0,2026-01,2026-01-17,-1,0
202104020914,兰小芳,土木学院,CS114014,人工智能导论,2.0,2023-01,2023-03-11,57,1
202104030818,樊春军,土木学院,MA201017,高等数学A,4.0,2021-01,2021-01-14,47,0
202305030805,曾河辉,数学学院,MA201025,线性代数,3.0,2023-02,2023-07-08,83,0
202407050919,韦超,经管学院,MA212026,数学建模,2.5,2025-02,2025-10-11,87,1
202203010114,李勇,机械学院,EE102025,电路分析,3.0,2023-02,2023-07-07,61,0
202207030706,赖建华,经管学院,EM312023,电子商务,2.0,2024-02,2024-10-11,57,1
202406010411,陈云,物理学院,GE011022,创新创业基础,1.5,2024-02,2024-10-06,-1,1
202502020417,陈志华,电信学院,GE011022,创新创业基础,1.5,2026-02,2026-10-06,60,1
202005050417,崔建涛,数学学院,EM312023,电子商务,2.0,2020-02,2020-10-06,61,1
202106040920,丁天兰,物理学院,EE102025,电路分析,3.0,2022-02,2022-06-17,74,0
202502020903,赖德柏,电信学院,EM301014,微观经济学,2.5,2025-01,2025-02-27,59,0
202504051022,韦志强,土木学院,EE113024,物联网技术,2.5,2025-02,2025-10-04,83,1
202608030406,邹建军,外语学院,FL301015,综合英语,3.0,2026-01,2026-02-17,70,0
202502030814,芦玉兰,电信学院,EE113024,物联网技术,2.5,2026-02,2026-10-01,-1,1
202004040215,彭桂兰,土木学院,ME113024,机器人技术,2.5,2025-02,2025-10-11,54,1
202608040426,严永辉,外语学院,MA212026,数学建模,2.5,2026-02,2026-10-11,80,1
202208050108,贾勇,外语学院,MA212026,数学建模,2.5,2025-02,2025-10-12,44,1
202101010103,蔡文华,计算机学院,GE001012,思想政治理论,2.0,2021-01,2021-01-19,89,0
202605010214,于江涛,数学学院,EE102025,电路分析,3.0,2026-02,2026-08-18,68,0
202406010104,蔡金霞,物理学院,ME102025,工程力学,3.0,2025-02,2025-08-18,87,0
202308020127,尹志军,外语学院,EE113024,物联网技术,2.5,2025-02,2025-10-13,64,1
202501040807,翟晓龙,计算机学院,CE102026,结构力学,3.5,2026-02,2026-07-25,73,0
202601020618,江国华,计算机学院,GE011024,艺术鉴赏,1.5,2026-02,2026-10-06,64,1
202107050611,洪娜,经管学院,EM312023,电子商务,2.0,2026-02,2026-10-07,52,1
202203050319,徐敏,机械学院,GE011022,创新创业基础,1.5,2025-02,2025-10-11,73,1
202506050325,宋海强,物理学院,GE011024,艺术鉴赏,1.5,2025-02,2025-10-12,75,1
202601010125,秦明霞,计算机学院,GE011022,创新创业基础,1.5,2026-02,2026-10-11,83,1
202104040918,杨天凤,土木学院,EM312023,电子商务,2.0,2024-02,2024-10-04,69,1
202504011024,牛玉兰,土木学院,MA201025,线性代数,3.0,2025-02,2025-07-26,66,0
202103030308,姚小平,机械学院,GE011013,大学生职业规划,1.0,2023-01,2023-03-04,88,1
202403040801,钟杰,机械学院,GE011024,艺术鉴赏,1.5,2026-02,2026-10-11,66,1
202605020525,崔海辉,数学学院,FL301015,综合英语,3.0,2026-01,2026-02-20,56,0
202007050228,蔡春峰,经管学院,GE011024,艺术鉴赏,1.5,2023-02,2023-10-02,50,1
202507020524,袁德霞,经管学院,GE011013,大学生职业规划,1.0,2025-01,2025-03-12,80,1
202208030422,赵丽娟,外语学院,MA201017,高等数学A,4.0,2022-01,2022-01-28,71,0
202404040105,萧建国,土木学院,GE001012,思想政治理论,2.0,2024-01,2024-02-04,86,0
202008010813,林建军,外语学院,ME113024,机器人技术,2.5,2021-02,2021-10-11,46,1
202003030409,叶小芳,机械学院,CS113025,Web开发技术,2.5,2024-02,2024-10-06,63,1
202601040208,贾桂兰,计算机学院,CS102026,数据结构与算法,3.5,2026-02,2026-07-04,86,0
202007050324,贺静,经管学院,GE011013,大学生职业规划,1.0,2024-01,2024-03-13,-1,1
202505030620,熊伟,数学学院,GE000011,体育,1.0,2026-01,2026-02-16,73,0
202102020504,常山涛,电信学院,FL301015,综合英语,3.0,2021-01,2021-02-02,100,0
202306040423,严冬柏,物理学院,MA201025,线性代数,3.0,2023-02,2023-07-13,59,0
202507021015,江金强,经管学院,CE102026,结构力学,3.5,2026-02,2026-06-20,73,0
202003030728,董志强,机械学院,CS114014,人工智能导论,2.0,2022-01,2022-03-13,72,1
202302050927,吴小菊,电信学院,EE102025,电路分析,3.0,2024-02,2024-06-11,65,0
202105030518,沈国波,数学学院,CS102026,数据结构与算法,3.5,2022-02,2022-08-16,71,0
202008011026,白德华,外语学院,MA201017,高等数学A,4.0,2020-01,2020-02-15,66,0
202506030312,方志华,物理学院,GE000011,体育,1.0,2025-01,2025-01-02,77,0
202003050812,韩小平,机械学院,ME113024,机器人技术,2.5,2021-02,2021-10-04,40,1
202102040123,赖冬华,电信学院,ME113024,机器人技术,2.5,2024-02,2024-10-06,80,1
202606051004,钟志平,物理学院,MA201017,高等数学A,4.0,2026-01,2026-02-01,-1,0
202005030126,施明,数学学院,ME113024,机器人技术,2.5,2025-02,2025-10-03,87,1
202006040602,宋玉波,物理学院,GE001011,心理健康,1.0,2020-01,2020-02-24,67,0
202404011028,乔小华,土木学院,MA201017,高等数学A,4.0,2024-01,2024-01-11,88,0
202505010302,秦建梅,数学学院,MA212026,数学建模,2.5,2025-02,2025-10-04,74,1
202604020218,蒋丽,土木学院,EE102025,电路分析,3.0,2026-02,2026-08-13,75,0
202307050328,兰小华,经管学院,MA201017,高等数学A,4.0,2023-01,2023-01-14,86,0
202201051026,温冬兰,计算机学院,EE113024,物联网技术,2.5,2025-02,2025-10-02,68,1
202005040711,殷小菊,数学学院,EE113024,物联网技术,2.5,2021-02,2021-10-04,61,1
202602020102,黄海凤,电信学院,MA212026,数学建模,2.5,2026-02,2026-10-12,56,1
202002040312,武英,电信学院,GE001012,思想政治理论,2.0,2020-01,2019-12-23,78,0
202203030910,曹小松,机械学院,EE102025,电路分析,3.0,2023-02,2023-08-06,64,0
202404010628,江海强,土木学院,GE001011,心理健康,1.0,2024-01,2024-01-09,91,0
202106010518,邓芳,物理学院,EE102025,电路分析,3.0,2022-02,2022-08-08,55,0
202504011003,严建霞,土木学院,FL301015,综合英语,3.0,2025-01,2024-12-20,71,0
202008030711,萧平,外语学院,GE011024,艺术鉴赏,1.5,2021-02,2021-10-11,69,1
202608041018,叶小明,外语学院,MA212026,数学建模,2.5,2026-02,2026-10-04,68,1
202203010415,郑小平,机械学院,ME102025,工程力学,3.0,2023-02,2023-07-09,-1,0
202408010127,李超,外语学院,ME113024,机器人技术,2.5,2025-02,2025-10-11,-1,1
202203030123,邱玉兰,机械学院,GE011022,创新创业基础,1.5,2025-02,2025-10-07,69,1
202004010318,高晓梅,土木学院,GE011013,大学生职业规划,1.0,2026-01,2026-03-02,52,1
202105050623,唐磊,数学学院,CE102026,结构力学,3.5,2022-02,2022-06-09,69,0
202401040210,秦文辉,计算机学院,EE102025,电路分析,3.0,2025-02,2025-06-04,48,0
202205040321,陆小明,数学学院,MA212026,数学建模,2.5,2022-02,2022-10-12,69,1
202201030623,吕洋,计算机学院,GE000011,体育,1.0,2026-01,2025-12-25,70,0
202003040210,卢冬强,机械学院,ME113024,机器人技术,2.5,2026-02,2026-10-11,94,1
202401050404,牛洋,计算机学院,ME102025,工程力学,3.0,2025-02,2025-07-28,69,0
202002020727,芦霞,电信学院,GE001012,思想政治理论,2.0,2020-01,2019-12-28,63,0
202004030213,芦强,土木学院,CS114014,人工智能导论,2.0,2021-01,2021-03-13,70,1
202106040501,董磊,物理学院,EE102025,电路分析,3.0,2022-02,2022-08-13,75,0
202405030502,易玉兰,数学学院,CS113025,Web开发技术,2.5,2025-02,2025-10-02,57,1
202603020914,江海华,机械学院,CS113025,Web开发技术,2.5,2026-02,2026-10-05,73,1
202503011028,贾玉兰,机械学院,CS102026,数据结构与算法,3.5,2026-02,2026-06-26,89,0
202304020529,林华,土木学院,MA212026,数学建模,2.5,2024-02,2024-10-13,80,1
202504010827,赵小红,土木学院,CS102026,数据结构与算法,3.5,2026-02,2026-07-14,74,0
202502020717,蔡晓涛,电信学院,CE102026,结构力学,3.5,2026-02,2026-07-17,83,0
202503010522,罗志华,机械学院,EE113024,物联网技术,2.5,2026-02,2026-10-05,63,1
202108010818,罗江梅,外语学院,CS113025,Web开发技术,2.5,2024-02,2024-10-01,65,1
202104050429,倪勇,土木学院,ME102025,工程力学,3.0,2022-02,2022-06-25,81,0
202207040221,施杰,经管学院,EM301014,微观经济学,2.5,2022-01,2021-12-20,82,0
202003010219,马明,机械学院,EE113024,物联网技术,2.5,2026-02,2026-10-12,48,1
202005050418,郭玉松,数学学院,CS113025,Web开发技术,2.5,2022-02,2022-10-06,50,1
202508030611,常永明,外语学院,ME102025,工程力学,3.0,2026-02,2026-07-26,62,0
202001020716,安艳,计算机学院,MA201017,高等数学A,4.0,2020-01,2020-01-25,62,0
202101010122,萧建军,计算机学院,EE113024,物联网技术,2.5,2026-02,2026-10-03,71,1
202302020122,孟金强,电信学院,GE011013,大学生职业规划,1.0,2024-01,2024-03-07,82,1
202504020106,唐芳,土木学院,GE011022,创新创业基础,1.5,2026-02,2026-10-02,67,1
202003050621,赖明明,机械学院,ME113024,机器人技术,2.5,2020-02,2020-10-03,88,1
202305041016,汪志伟,数学学院,GE000011,体育,1.0,2025-01,2025-01-16,44,0
202302020104,杨河明,电信学院,MA201017,高等数学A,4.0,2023-01,2023-02-28,64,0
202007030730,付玉兰,经管学院,MA212026,数学建模,2.5,2020-02,2020-10-07,79,1
202308010515,朱春柏,外语学院,MA201017,高等数学A,4.0,2023-01,2022-12-24,49,0
202206020310,季玉涛,物理学院,EE113024,物联网技术,2.5,2025-02,2025-10-13,90,1
202003040214,杜冬兰,机械学院,ME113024,机器人技术,2.5,2022-02,2022-10-01,68,1
202506010403,邱玲,物理学院,GE001012,思想政治理论,2.0,2025-01,2025-02-02,69,0
202402020713,萧志强,电信学院,EM301014,微观经济学,2.5,2024-01,2024-02-11,87,0
202205040807,张磊,数学学院,MA201025,线性代数,3.0,2022-02,2022-06-11,91,0
202208030126,庞艳,外语学院,EM301014,微观经济学,2.5,2022-01,2022-02-06,-1,0
202005020124,谭山明,数学学院,GE011013,大学生职业规划,1.0,2020-01,2020-03-13,67,1
202308020630,刘学伟,外语学院,FL301015,综合英语,3.0,2023-01,2023-02-20,70,0
202505011026,李磊,数学学院,GE011022,创新创业基础,1.5,2025-02,2025-10-01,72,1
202204040505,叶玲,土木学院,ME102025,工程力学,3.0,2023-02,2023-07-11,-1,0
202105010307,倪华,数学学院,EE102025,电路分析,3.0,2022-02,2022-06-20,90,0
202101021015,叶志军,计算机学院,ME102025,工程力学,3.0,2022-02,2022-06-15,80,0
202508050308,秦秋强,外语学院,CS114014,人工智能导论,2.0,2025-01,2025-03-11,50,1
202601020403,季学凤,计算机学院,EE113024,物联网技术,2.5,2026-02,2026-10-12,74,1
202406051017,倪敏,物理学院,CE102026,结构力学,3.5,2025-02,2025-08-25,64,0
202308041020,温金军,外语学院,GE011013,大学生职业规划,1.0,2024-01,2024-03-13,92,1
202208021022,彭志平,外语学院,GE011013,大学生职业规划,1.0,2024-01,2024-03-12,77,1
202206020812,魏国凤,物理学院,CS114014,人工智能导论,2.0,2022-01,2022-03-07,71,1
202504050213,袁明强,土木学院,EM312023,电子商务,2.0,2025-02,2025-10-12,78,1
202206020705,廖春明,物理学院,GE011022,创新创业基础,1.5,2022-02,2022-10-13,40,1
202502010201,季秋华,电信学院,EE113024,物联网技术,2.5,2025-02,2025-10-12,85,1
202002050119,陈平,电信学院,GE011013,大学生职业规划,1.0,2025-01,2025-03-01,70,1
202106050608,邱小芳,物理学院,GE001011,心理健康,1.0,2021-01,2021-01-12,64,0
202006010106,方志刚,物理学院,EE102025,电路分析,3.0,2021-02,2021-07-24,49,0
202508040907,徐玲,外语学院,CE102026,结构力学,3.5,2026-02,2026-06-03,69,0
202208011005,曹建波,外语学院,GE000011,体育,1.0,2023-01,2022-12-20,72,0
202404050224,洪艳,土木学院,CS113025,Web开发技术,2.5,2026-02,2026-10-11,73,1
202304040417,金玉军,土木学院,MA201025,线性代数,3.0,2023-02,2023-06-13,58,0
202503020403,施小明,机械学院,MA212026,数学建模,2.5,2025-02,2025-10-06,83,1
202101050105,施玲,计算机学院,GE011022,创新创业基础,1.5,2026-02,2026-10-11,93,1
202601010506,蔡晓华,计算机学院,GE001012,思想政治理论,2.0,2026-01,2026-01-26,82,0
202005030221,倪秀英,数学学院,ME113024,机器人技术,2.5,2024-02,2024-10-12,66,1
202506040107,贺强,物理学院,MA212026,数学建模,2.5,2026-02,2026-10-07,59,1
202407010824,孙山华,经管学院,GE011024,艺术鉴赏,1.5,2025-02,2025-10-11,98,1
202102020528,贾燕,电信学院,CS102026,数据结构与算法,3.5,2022-02,2022-06-10,84,0
202601030305,高文辉,计算机学院,GE001011,心理健康,1.0,2026-01,2026-01-22,66,0
202104040817,殷天松,土木学院,GE001011,心理健康,1.0,2021-01,2021-02-18,77,0
202404050621,许秋兰,土木学院,CS114014,人工智能导论,2.0,2025-01,2025-03-12,86,1
202604050601,金山柏,土木学院,GE001011,心理健康,1.0,2026-01,2026-01-14,73,0
202004040825,曹德强,土木学院,GE011024,艺术鉴赏,1.5,2024-02,2024-10-04,89,1
202603020101,郑玲,机械学院,GE011013,大学生职业规划,1.0,2026-01,2026-03-02,83,1
202607020121,殷明辉,经管学院,GE000011,体育,1.0,2026-01,2026-02-18,80,0
202606030227,庞娜,物理学院,EE113024,物联网技术,2.5,2026-02,2026-10-07,84,1
202002040522,翟国辉,电信学院,GE011024,艺术鉴赏,1.5,2025-02,2025-10-11,60,1
202205040108,季德军,数学学院,MA201025,线性代数,3.0,2022-02,2022-08-08,75,0
202406030209,董秀珍,物理学院,EE102025,电路分析,3.0,2025-02,2025-08-28,76,0
202408050317,汪河凤,外语学院,GE011024,艺术鉴赏,1.5,2026-02,2026-10-11,55,1
202602050405,赖晓梅,电信学院,EM301014,微观经济学,2.5,2026-01,2026-01-03,57,0
202106030506,廖山强,物理学院,ME102025,工程力学,3.0,2022-02,2022-06-26,74,0
202102011020,汪春辉,电信学院,GE011024,艺术鉴赏,1.5,2023-02,2023-10-07,63,1
202207041026,罗学菊,经管学院,MA201025,线性代数,3.0,2022-02,2022-06-24,85,0
202302010905,萧涛,电信学院,MA212026,数学建模,2.5,2023-02,2023-10-11,93,1
202008010225,程德松,外语学院,ME102025,工程力学,3.0,2021-02,2021-07-17,84,0
202603020927,付河明,机械学院,GE011024,艺术鉴赏,1.5,2026-02,2026-10-12,74,1
202304050423,徐建国,土木学院,MA212026,数学建模,2.5,2023-02,2023-10-06,66,1
202607020309,潘丽,经管学院,GE001011,心理健康,1.0,2026-01,2026-02-23,47,0
202305050714,姚云,数学学院,EE113024,物联网技术,2.5,2025-02,2025-10-02,77,1
202408050216,颜金涛,外语学院,EM312023,电子商务,2.0,2024-02,2024-10-11,89,1
202103020425,殷志伟,机械学院,CS113025,Web开发技术,2.5,2025-02,2025-10-01,73,1
202002051001,庞明,电信学院,CS113025,Web开发技术,2.5,2024-02,2024-10-11,64,1
202608030318,唐丽娟,外语学院,CS102026,数据结构与算法,3.5,2026-02,2026-06-04,57,0
202402010102,袁国柏,电信学院,GE000011,体育,1.0,2024-01,2024-01-27,89,0
202308051009,牛秀珍,外语学院,EM301014,微观经济学,2.5,2023-01,2022-12-21,62,0
202003050730,董小明,机械学院,GE001012,思想政治理论,2.0,2020-01,2020-02-17,87,0
202207010526,邹涛,经管学院,GE000011,体育,1.0,2024-01,2024-01-27,75,0
202106030323,罗永辉,物理学院,CE102026,结构力学,3.5,2022-02,2022-08-22,81,0
202104050406,蒋志勇,土木学院,EM301014,微观经济学,2.5,2021-01,2020-12-20,66,0
202101040616,龚秀珍,计算机学院,GE001011,心理健康,1.0,2021-01,2021-01-17,51,0
202404030912,周志华,土木学院,MA201017,高等数学A,4.0,2024-01,2024-02-06,87,0
202602020219,郑芳,电信学院,EM312023,电子商务,2.0,2026-02,2026-10-04,69,1
202504010207,任辉,土木学院,GE000011,体育,1.0,2025-01,2025-02-07,81,0
202106030625,蒋玲,物理学院,FL301015,综合英语,3.0,2021-01,2020-12-15,93,0
202601041012,黎建菊,计算机学院,ME102025,工程力学,3.0,2026-02,2026-08-16,61,0
202503050321,林云,机械学院,GE001011,心理健康,1.0,2025-01,2024-12-24,83,0
202004030203,钟建华,土木学院,EE102025,电路分析,3.0,2021-02,2021-07-26,80,0
202407040405,樊玉龙,经管学院,GE011022,创新创业基础,1.5,2026-02,2026-10-07,80,1
202404011016,文永伟,土木学院,FL301015,综合英语,3.0,2024-01,2024-02-11,90,0
202205010725,崔晓强,数学学院,GE001011,心理健康,1.0,2022-01,2022-02-10,74,0
202005020207,芦杰,数学学院,MA201025,线性代数,3.0,2020-02,2020-07-23,80,0
202204030315,尹杰,土木学院,GE011022,创新创业基础,1.5,2026-02,2026-10-05,77,1
202202031027,苏志华,电信学院,MA212026,数学建模,2.5,2026-02,2026-10-11,96,1
202605030122,翟建华,数学学院,GE011022,创新创业基础,1.5,2026-02,2026-10-13,86,1
202407040415,魏山伟,经管学院,EE102025,电路分析,3.0,2025-02,2025-06-26,66,0
202405010526,贺志强,数学学院,MA212026,数学建模,2.5,2025-02,2025-10-11,84,1
202301050805,黄秋凤,计算机学院,GE001012,思想政治理论,2.0,2023-01,2023-01-10,81,0
202408051007,高德龙,外语学院,CS102026,数据结构与算法,3.5,2025-02,2025-07-18,-1,0
202402030516,何敏,电信学院,CE102026,结构力学,3.5,2025-02,2025-06-08,44,0
202101020303,施燕,计算机学院,MA201017,高等数学A,4.0,2021-01,2021-01-28,55,0
